app_id,v_val,i_val,p_val,pf_val,date
T5TwentyEightWattBad,118.800003,0,0,0,1531973838
T5TwentyEightWattBad,119.5,0,0,0,1531973839
T5TwentyEightWattBad,120.099998,0,0,0,1531973841
T5TwentyEightWattBad,119.800003,0,0,0,1531973842
T5TwentyEightWattBad,119.5,0,0,0,1531973844
T5TwentyEightWattBad,120.199997,0,0,0,1531973845
T5TwentyEightWattBad,120.300003,0,0,0,1531973847
T5TwentyEightWattBad,120.099998,0,0,0,1531973848
T5TwentyEightWattBad,119.099998,0,0,0,1531973850
T5TwentyEightWattBad,119.800003,0,0,0,1531973852
T5TwentyEightWattBad,121.099998,0,0,0,1531973853
T5TwentyEightWattBad,120.699997,0,0,0,1531973855
T5TwentyEightWattBad,120.199997,0,0,0,1531973856
T5TwentyEightWattBad,120.800003,0,0,0,1531973858
T5TwentyEightWattBad,120.5,0,0,0,1531973860
T5TwentyEightWattBad,119.5,0,0,0,1531973861
T5TwentyEightWattBad,119,0,0,0,1531973863
T5TwentyEightWattBad,119,0,0,0,1531973864
T5TwentyEightWattBad,119.5,0,0,0,1531973866
T5TwentyEightWattBad,119.400002,0,0,0,1531973867
T5TwentyEightWattBad,120,0,0,0,1531973869
T5TwentyEightWattBad,121,0,0,0,1531973871
T5TwentyEightWattBad,121.900002,0,0,0,1531973872
T5TwentyEightWattBad,120.699997,0,0,0,1531973874
T5TwentyEightWattBad,120.5,0,0,0,1531973875
T5TwentyEightWattBad,120.599998,0,0,0,1531973877
T5TwentyEightWattBad,119.699997,0,0,0,1531973879
T5TwentyEightWattBad,119.5,0,0,0,1531973880
T5TwentyEightWattBad,119.800003,0,0,0,1531973882
T5TwentyEightWattBad,120.400002,0,0,0,1531973883
T5TwentyEightWattBad,120.599998,0,0,0,1531973885
T5TwentyEightWattBad,120.5,0,0,0,1531973886
T5TwentyEightWattBad,119.199997,0,0,0,1531973888
T5TwentyEightWattBad,120.199997,0,0,0,1531973890
T5TwentyEightWattBad,120.5,0,0,0,1531973891
T5TwentyEightWattBad,119.699997,0,0,0,1531973893
T5TwentyEightWattBad,119.5,0,0,0,1531973895
T5TwentyEightWattBad,119.699997,0,0,0,1531973896
T5TwentyEightWattBad,119.400002,0,0,0,1531973898
T5TwentyEightWattBad,119.599998,0,0,0,1531973900
T5TwentyEightWattBad,120.400002,0,0,0,1531973901
T5TwentyEightWattBad,120.699997,0,0,0,1531973903
T5TwentyEightWattBad,120.400002,0,0,0,1531973905
T5TwentyEightWattBad,120.5,0,0,0,1531973906
T5TwentyEightWattBad,120.699997,0,0,0,1531973908
T5TwentyEightWattBad,119.900002,0,0,0,1531973909
T5TwentyEightWattBad,120.599998,0,0,0,1531973911
T5TwentyEightWattBad,120.400002,0,0,0,1531973913
T5TwentyEightWattBad,120.199997,0,0,0,1531973914
T5TwentyEightWattBad,120.400002,0,0,0,1531973916
T5TwentyEightWattBad,119.900002,0,0,0,1531973917
T5TwentyEightWattBad,119.5,0,0,0,1531973919
T5TwentyEightWattBad,119.5,0,0,0,1531973920
T5TwentyEightWattBad,120.800003,0,0,0,1531973922
T5TwentyEightWattBad,121.400002,0,0,0,1531973924
T5TwentyEightWattBad,121.300003,0,0,0,1531973925
T5TwentyEightWattBad,121.5,0,0,0,1531973927
T5TwentyEightWattBad,120.900002,0,0,0,1531973928
T5TwentyEightWattBad,121,0,0,0,1531973930
T5TwentyEightWattBad,120.599998,0,0,0,1531973932
T5TwentyEightWattBad,119.400002,0,0,0,1531973933
T5TwentyEightWattBad,119.300003,0,0,0,1531973935
T5TwentyEightWattBad,119.900002,0,0,0,1531973936
T5TwentyEightWattBad,120.5,0,0,0,1531973938
T5TwentyEightWattBad,120.699997,0,0,0,1531973939
T5TwentyEightWattBad,120.599998,0,0,0,1531973941
T5TwentyEightWattBad,121.400002,0,0,0,1531973943
T5TwentyEightWattBad,120.599998,0,0,0,1531973944
T5TwentyEightWattBad,119.699997,0,0,0,1531973946
T5TwentyEightWattBad,120.300003,0,0,0,1531973947
T5TwentyEightWattBad,120.099998,0,0,0,1531973949
T5TwentyEightWattBad,120,0,0,0,1531973951
T5TwentyEightWattBad,120.300003,0,0,0,1531973952
T5TwentyEightWattBad,120,0,0,0,1531973954
T5TwentyEightWattBad,120.300003,0,0,0,1531973955
T5TwentyEightWattBad,120.800003,0,0,0,1531973957
T5TwentyEightWattBad,121.099998,0,0,0,1531973959
T5TwentyEightWattBad,121.199997,0,0,0,1531973960
T5TwentyEightWattBad,121.5,0,0,0,1531973962
T5TwentyEightWattBad,120.599998,0,0,0,1531973963
T5TwentyEightWattBad,120.300003,0,0,0,1531973965
T5TwentyEightWattBad,119.900002,0,0,0,1531973966
T5TwentyEightWattBad,120.099998,0,0,0,1531973968
T5TwentyEightWattBad,119.800003,0,0,0,1531973970
T5TwentyEightWattBad,120.300003,0,0,0,1531973971
T5TwentyEightWattBad,120.800003,0,0,0,1531973973
T5TwentyEightWattBad,120.599998,0,0,0,1531973974
T5TwentyEightWattBad,120.099998,0,0,0,1531973976
T5TwentyEightWattBad,120.099998,0,0,0,1531973978
T5TwentyEightWattBad,120,0,0,0,1531973979
T5TwentyEightWattBad,120.800003,0,0,0,1531973981
T5TwentyEightWattBad,120.800003,0,0,0,1531973982
T5TwentyEightWattBad,120,0,0,0,1531973984
T5TwentyEightWattBad,119.800003,0,0,0,1531973985
T5TwentyEightWattBad,119.800003,0,0,0,1531973987
T5TwentyEightWattBad,119,0,0,0,1531973989
T5TwentyEightWattBad,120.199997,0,0,0,1531973990
T5TwentyEightWattBad,121,0,0,0,1531973992
T5TwentyEightWattBad,120.900002,0,0,0,1531973993
T5TwentyEightWattBad,120.300003,0,0,0,1531973995
T5TwentyEightWattBad,119.599998,0,0,0,1531973997
T5TwentyEightWattBad,119.800003,0,0,0,1531973998
T5TwentyEightWattBad,120.300003,0,0,0,1531974000
T5TwentyEightWattBad,120.900002,0,0,0,1531974001
T5TwentyEightWattBad,120.300003,0,0,0,1531974003
T5TwentyEightWattBad,120.300003,0,0,0,1531974004
T5TwentyEightWattBad,119.699997,0,0,0,1531974006
T5TwentyEightWattBad,120.800003,0,0,0,1531974007
T5TwentyEightWattBad,120.900002,0,0,0,1531974009
T5TwentyEightWattBad,120.199997,0,0,0,1531974011
T5TwentyEightWattBad,119.599998,0,0,0,1531974012
T5TwentyEightWattBad,119.800003,0,0,0,1531974014
T5TwentyEightWattBad,120.400002,0,0,0,1531974015
T5TwentyEightWattBad,120.699997,0,0,0,1531974017
T5TwentyEightWattBad,120.699997,0,0,0,1531974019
T5TwentyEightWattBad,120.199997,0,0,0,1531974020
T5TwentyEightWattBad,120.800003,0,0,0,1531974022
T5TwentyEightWattBad,120.400002,0,0,0,1531974023
T5TwentyEightWattBad,120.699997,0,0,0,1531974025
T5TwentyEightWattBad,120.900002,0,0,0,1531974027
T5TwentyEightWattBad,120.199997,0,0,0,1531974028
T5TwentyEightWattBad,119.5,0,0,0,1531974030
T5TwentyEightWattBad,119.400002,0,0,0,1531974031
T5TwentyEightWattBad,120.099998,0,0,0,1531974033
T5TwentyEightWattBad,120.099998,0,0,0,1531974034
T5TwentyEightWattBad,119.900002,0,0,0,1531974036
T5TwentyEightWattBad,119.900002,0,0,0,1531974038
T5TwentyEightWattBad,119.699997,0,0,0,1531974039
T5TwentyEightWattBad,119.699997,0,0,0,1531974041
T5TwentyEightWattBad,120.400002,0,0,0,1531974042
T5TwentyEightWattBad,121.099998,0,0,0,1531974044
T5TwentyEightWattBad,121.400002,0,0,0,1531974046
T5TwentyEightWattBad,120.599998,0,0,0,1531974047
T5TwentyEightWattBad,119.900002,0,0,0,1531974049
T5TwentyEightWattBad,119,0,0,0,1531974050
T5TwentyEightWattBad,119.5,0,0,0,1531974052
T5TwentyEightWattBad,120.400002,0,0,0,1531974054
T5TwentyEightWattBad,121.099998,0,0,0,1531974055
T5TwentyEightWattBad,120.900002,0,0,0,1531974057
T5TwentyEightWattBad,120.099998,0,0,0,1531974058
T5TwentyEightWattBad,119.599998,0,0,0,1531974060
T5TwentyEightWattBad,120.5,0,0,0,1531974062
T5TwentyEightWattBad,120.800003,0,0,0,1531974063
T5TwentyEightWattBad,120.900002,0,0,0,1531974065
T5TwentyEightWattBad,120.800003,0,0,0,1531974066
T5TwentyEightWattBad,120.800003,0,0,0,1531974068
T5TwentyEightWattBad,120.900002,0,0,0,1531974070
T5TwentyEightWattBad,120.800003,0,0,0,1531974071
T5TwentyEightWattBad,121.400002,0,0,0,1531974073
T5TwentyEightWattBad,120.699997,0,0,0,1531974075
T5TwentyEightWattBad,119.5,0,0,0,1531974076
T5TwentyEightWattBad,120.199997,0,0,0,1531974078
T5TwentyEightWattBad,121,0,0,0,1531974079
T5TwentyEightWattBad,121.099998,0,0,0,1531974081
T5TwentyEightWattBad,120.5,0,0,0,1531974082
T5TwentyEightWattBad,120.199997,0,0,0,1531974084
T5TwentyEightWattBad,119.900002,0,0,0,1531974086
T5TwentyEightWattBad,119.599998,0,0,0,1531974087
T5TwentyEightWattBad,119.900002,0,0,0,1531974089
T5TwentyEightWattBad,120.900002,0,0,0,1531974091
T5TwentyEightWattBad,120,0,0,0,1531974092
T5TwentyEightWattBad,119.199997,0,0,0,1531974094
T5TwentyEightWattBad,119.300003,0,0,0,1531974095
T5TwentyEightWattBad,119.5,0,0,0,1531974097
T5TwentyEightWattBad,119.400002,0,0,0,1531974099
T5TwentyEightWattBad,119.599998,0,0,0,1531974100
T5TwentyEightWattBad,119.800003,0,0,0,1531974102
T5TwentyEightWattBad,120.699997,0,0,0,1531974103
T5TwentyEightWattBad,121,0,0,0,1531974105
T5TwentyEightWattBad,120.699997,0,0,0,1531974106
T5TwentyEightWattBad,121,0,0,0,1531974108
T5TwentyEightWattBad,121,0,0,0,1531974110
T5TwentyEightWattBad,121.199997,0,0,0,1531974111
T5TwentyEightWattBad,121.400002,0,0,0,1531974113
T5TwentyEightWattBad,120.400002,0,0,0,1531974114
T5TwentyEightWattBad,120.5,0,0,0,1531974116
T5TwentyEightWattBad,120.5,0,0,0,1531974118
T5TwentyEightWattBad,121,0,0,0,1531974119
T5TwentyEightWattBad,120.199997,0,0,0,1531974121
T5TwentyEightWattBad,120.099998,0,0,0,1531974122
T5TwentyEightWattBad,121.099998,0,0,0,1531974124
T5TwentyEightWattBad,121.800003,0,0,0,1531974126
T5TwentyEightWattBad,120.699997,0,0,0,1531974127
T5TwentyEightWattBad,120.400002,0,0,0,1531974129
T5TwentyEightWattBad,119.900002,0,0,0,1531974130
T5TwentyEightWattBad,119.400002,0,0,0,1531974132
T5TwentyEightWattBad,119.400002,0,0,0,1531974134
T5TwentyEightWattBad,119.699997,0,0,0,1531974135
T5TwentyEightWattBad,120.199997,0,0,0,1531974137
T5TwentyEightWattBad,119.699997,0,0,0,1531974138
T5TwentyEightWattBad,119.900002,0,0,0,1531974140
T5TwentyEightWattBad,121.099998,0,0,0,1531974141
T5TwentyEightWattBad,120.699997,0,0,0,1531974143
T5TwentyEightWattBad,120,0,0,0,1531974145
T5TwentyEightWattBad,119.699997,0,0,0,1531974146
T5TwentyEightWattBad,120.199997,0,0,0,1531974148
T5TwentyEightWattBad,120.199997,0,0,0,1531974149
T5TwentyEightWattBad,120.099998,0,0,0,1531974151
T5TwentyEightWattBad,119.900002,0,0,0,1531974153
T5TwentyEightWattBad,120.400002,0,0,0,1531974154
T5TwentyEightWattBad,120.800003,0,0,0,1531974156
T5TwentyEightWattBad,120.5,0,0,0,1531974157
T5TwentyEightWattBad,120.800003,0,0,0,1531974159
T5TwentyEightWattBad,119.699997,0,0,0,1531974160
T5TwentyEightWattBad,119.800003,0,0,0,1531974162
T5TwentyEightWattBad,120,0,0,0,1531974164
T5TwentyEightWattBad,119.199997,0,0,0,1531974165
T5TwentyEightWattBad,120,0,0,0,1531974167
T5TwentyEightWattBad,120,0,0,0,1531974168
T5TwentyEightWattBad,118.800003,0,0,0,1531974170
T5TwentyEightWattBad,119.400002,0,0,0,1531974172
T5TwentyEightWattBad,120.099998,0,0,0,1531974173
T5TwentyEightWattBad,120.199997,0,0,0,1531974175
T5TwentyEightWattBad,120,0,0,0,1531974176
T5TwentyEightWattBad,119.5,0,0,0,1531974178
T5TwentyEightWattBad,119.800003,0,0,0,1531974180
T5TwentyEightWattBad,120,0,0,0,1531974181
T5TwentyEightWattBad,119.199997,0,0,0,1531974183
T5TwentyEightWattBad,119.900002,0,0,0,1531974184
T5TwentyEightWattBad,120.599998,0,0,0,1531974186
T5TwentyEightWattBad,120,0,0,0,1531974187
T5TwentyEightWattBad,119.800003,0,0,0,1531974189
T5TwentyEightWattBad,119.199997,0,0,0,1531974191
T5TwentyEightWattBad,119.599998,0,0,0,1531974192
T5TwentyEightWattBad,119.900002,0,0,0,1531974194
T5TwentyEightWattBad,119.800003,0,0,0,1531974195
T5TwentyEightWattBad,120,0,0,0,1531974197
T5TwentyEightWattBad,120.199997,0,0,0,1531974199
T5TwentyEightWattBad,120.5,0,0,0,1531974200
T5TwentyEightWattBad,120.599998,0,0,0,1531974202
T5TwentyEightWattBad,119.800003,0,0,0,1531974203
T5TwentyEightWattBad,120.099998,0,0,0,1531974205
T5TwentyEightWattBad,119.599998,0,0,0,1531974207
T5TwentyEightWattBad,119.199997,0,0,0,1531974209
T5TwentyEightWattBad,118.900002,0,0,0,1531974210
T5TwentyEightWattBad,119.300003,0,0,0,1531974212
T5TwentyEightWattBad,119.300003,0,0,0,1531974214
T5TwentyEightWattBad,119.599998,0,0,0,1531974216
T5TwentyEightWattBad,121,0,0,0,1531974217
T5TwentyEightWattBad,120.800003,0,0,0,1531974219
T5TwentyEightWattBad,119.900002,0,0,0,1531974221
T5TwentyEightWattBad,119.099998,0,0,0,1531974222
T5TwentyEightWattBad,119.599998,0,0,0,1531974224
T5TwentyEightWattBad,120.099998,0,0,0,1531974226
T5TwentyEightWattBad,119,0,0,0,1531974228
T5TwentyEightWattBad,119.099998,0,0,0,1531974229
T5TwentyEightWattBad,119.5,0,0,0,1531974231
T5TwentyEightWattBad,119.699997,0,0,0,1531974232
T5TwentyEightWattBad,119.300003,0,0,0,1531974234
T5TwentyEightWattBad,118.800003,0,0,0,1531974235
T5TwentyEightWattBad,119.400002,0,0,0,1531974237
T5TwentyEightWattBad,120.400002,0,0,0,1531974239
T5TwentyEightWattBad,121.199997,0,0,0,1531974240
T5TwentyEightWattBad,120.900002,0,0,0,1531974242
T5TwentyEightWattBad,119.699997,0,0,0,1531974243
T5TwentyEightWattBad,120,0,0,0,1531974245
T5TwentyEightWattBad,120.699997,0,0,0,1531974247
T5TwentyEightWattBad,120.699997,0,0,0,1531974248
T5TwentyEightWattBad,120.400002,0,0,0,1531974250
T5TwentyEightWattBad,120.199997,0,0,0,1531974251
T5TwentyEightWattBad,120.900002,0,0,0,1531974253
T5TwentyEightWattBad,119.900002,0,0,0,1531974255
T5TwentyEightWattBad,119.099998,0,0,0,1531974257
T5TwentyEightWattBad,119.199997,0,0,0,1531974258
T5TwentyEightWattBad,120.5,0,0,0,1531974260
T5TwentyEightWattBad,120.400002,0,0,0,1531974262
T5TwentyEightWattBad,120.199997,0,0,0,1531974263
T5TwentyEightWattBad,120.099998,0,0,0,1531974265
T5TwentyEightWattBad,119.400002,0,0,0,1531974266
T5TwentyEightWattBad,119.900002,0,0,0,1531974268
T5TwentyEightWattBad,119.300003,0,0,0,1531974269
T5TwentyEightWattBad,119.800003,0,0,0,1531974271
T5TwentyEightWattBad,120.099998,0,0,0,1531974273
T5TwentyEightWattBad,118.800003,0,0,0,1531974274
T5TwentyEightWattBad,118.5,0,0,0,1531974276
T5TwentyEightWattBad,119.300003,0,0,0,1531974277
T5TwentyEightWattBad,120,0,0,0,1531974279
T5TwentyEightWattBad,120.199997,0,0,0,1531974281
T5TwentyEightWattBad,120,0,0,0,1531974282
T5TwentyEightWattBad,120.599998,0,0,0,1531974284
T5TwentyEightWattBad,121,0,0,0,1531974285
T5TwentyEightWattBad,120,0,0,0,1531974287
T5TwentyEightWattBad,120.900002,0,0,0,1531974289
T5TwentyEightWattBad,120.599998,0,0,0,1531974290
T5TwentyEightWattBad,119.900002,0,0,0,1531974292
T5TwentyEightWattBad,119.900002,0,0,0,1531974293
T5TwentyEightWattBad,119.5,0,0,0,1531974295
T5TwentyEightWattBad,119.5,0,0,0,1531974296
T5TwentyEightWattBad,119.599998,0,0,0,1531974298
T5TwentyEightWattBad,120.199997,0,0,0,1531974300
T5TwentyEightWattBad,120.699997,0,0,0,1531974301
T5TwentyEightWattBad,120.900002,0,0,0,1531974303
T5TwentyEightWattBad,121.5,0,0,0,1531974304
T5TwentyEightWattBad,121.5,0,0,0,1531974306
T5TwentyEightWattBad,120.800003,0,0,0,1531974307
T5TwentyEightWattBad,120.5,0,0,0,1531974309
T5TwentyEightWattBad,120.800003,0,0,0,1531974311
T5TwentyEightWattBad,119.400002,0,0,0,1531974312
T5TwentyEightWattBad,119.300003,0,0,0,1531974314
T5TwentyEightWattBad,120,0,0,0,1531974315
T5TwentyEightWattBad,120.699997,0,0,0,1531974317
T5TwentyEightWattBad,120.5,0,0,0,1531974319
T5TwentyEightWattBad,121.199997,0,0,0,1531974320
T5TwentyEightWattBad,121.199997,0,0,0,1531974322
T5TwentyEightWattBad,120.5,0,0,0,1531974323
T5TwentyEightWattBad,120,0,0,0,1531974325
T5TwentyEightWattBad,120.699997,0,0,0,1531974327
T5TwentyEightWattBad,120.199997,0,0,0,1531974328
T5TwentyEightWattBad,120.599998,0,0,0,1531974330
T5TwentyEightWattBad,121.099998,0,0,0,1531974331
T5TwentyEightWattBad,120.5,0,0,0,1531974333
T5TwentyEightWattBad,120.199997,0,0,0,1531974334
T5TwentyEightWattBad,120.5,0,0,0,1531974336
T5TwentyEightWattBad,120,0,0,0,1531974337
T5TwentyEightWattBad,119.599998,0,0,0,1531974339
T5TwentyEightWattBad,120.400002,0,0,0,1531974341
T5TwentyEightWattBad,121.5,0,0,0,1531974342
T5TwentyEightWattBad,121.300003,0,0,0,1531974344
T5TwentyEightWattBad,120.099998,0,0,0,1531974345
T5TwentyEightWattBad,120.300003,0,0,0,1531974347
T5TwentyEightWattBad,120.199997,0,0,0,1531974349
T5TwentyEightWattBad,120.400002,0,0,0,1531974350
T5TwentyEightWattBad,120.199997,0,0,0,1531974352
T5TwentyEightWattBad,119.400002,0,0,0,1531974353
T5TwentyEightWattBad,119.5,0,0,0,1531974355
T5TwentyEightWattBad,119.099998,0,0,0,1531974357
T5TwentyEightWattBad,119.800003,0,0,0,1531974358
T5TwentyEightWattBad,120.5,0,0,0,1531974360
T5TwentyEightWattBad,120.5,0,0,0,1531974361
T5TwentyEightWattBad,119.800003,0,0,0,1531974363
T5TwentyEightWattBad,120.199997,0,0,0,1531974364
T5TwentyEightWattBad,120.300003,0,0,0,1531974366
T5TwentyEightWattBad,120.400002,0,0,0,1531974368
T5TwentyEightWattBad,120.099998,0,0,0,1531974369
T5TwentyEightWattBad,120.400002,0,0,0,1531974371
T5TwentyEightWattBad,120.5,0,0,0,1531974372
T5TwentyEightWattBad,119.800003,0,0,0,1531974374
T5TwentyEightWattBad,120,0,0,0,1531974375
T5TwentyEightWattBad,119.300003,0,0,0,1531974377
T5TwentyEightWattBad,119.900002,0,0,0,1531974379
T5TwentyEightWattBad,120.599998,0,0,0,1531974380
T5TwentyEightWattBad,120.599998,0,0,0,1531974382
T5TwentyEightWattBad,120.199997,0,0,0,1531974383
T5TwentyEightWattBad,119.800003,0,0,0,1531974385
T5TwentyEightWattBad,120,0,0,0,1531974387
T5TwentyEightWattBad,119.400002,0,0,0,1531974388
T5TwentyEightWattBad,119.199997,0,0,0,1531974390
T5TwentyEightWattBad,119.199997,0,0,0,1531974391
T5TwentyEightWattBad,119.5,0,0,0,1531974393
T5TwentyEightWattBad,120,0,0,0,1531974395
T5TwentyEightWattBad,119.699997,0,0,0,1531974396
T5TwentyEightWattBad,120,0,0,0,1531974398
T5TwentyEightWattBad,120.199997,0,0,0,1531974399
T5TwentyEightWattBad,118.900002,0,0,0,1531974401
T5TwentyEightWattBad,119.800003,0,0,0,1531974403
T5TwentyEightWattBad,120.699997,0,0,0,1531974404
T5TwentyEightWattBad,119.699997,0,0,0,1531974406
T5TwentyEightWattBad,119.5,0,0,0,1531974407
T5TwentyEightWattBad,120,0,0,0,1531974409
T5TwentyEightWattBad,119.599998,0,0,0,1531974411
T5TwentyEightWattBad,120.300003,0,0,0,1531974412
T5TwentyEightWattBad,120.400002,0,0,0,1531974414
T5TwentyEightWattBad,120,0,0,0,1531974415
T5TwentyEightWattBad,120.599998,0,0,0,1531974417
T5TwentyEightWattBad,120.400002,0,0,0,1531974418
T5TwentyEightWattBad,120.800003,0,0,0,1531974420
T5TwentyEightWattBad,120.800003,0,0,0,1531974422
T5TwentyEightWattBad,120.800003,0,0,0,1531974423
T5TwentyEightWattBad,120.900002,0,0,0,1531974425
T5TwentyEightWattBad,120.400002,0,0,0,1531974426
T5TwentyEightWattBad,119.800003,0,0,0,1531974428
T5TwentyEightWattBad,119.5,0,0,0,1531974430
T5TwentyEightWattBad,119.5,0,0,0,1531974431
T5TwentyEightWattBad,119.599998,0,0,0,1531974433
T5TwentyEightWattBad,119.5,0,0,0,1531974434
T5TwentyEightWattBad,120,0,0,0,1531974436
T5TwentyEightWattBad,120,0,0,0,1531974437
T5TwentyEightWattBad,120.199997,0,0,0,1531974439
T5TwentyEightWattBad,119.599998,0,0,0,1531974441
T5TwentyEightWattBad,119.5,0,0,0,1531974442
T5TwentyEightWattBad,120,0,0,0,1531974444
T5TwentyEightWattBad,120.099998,0,0,0,1531974445
T5TwentyEightWattBad,120.199997,0,0,0,1531974447
T5TwentyEightWattBad,120.099998,0,0,0,1531974449
T5TwentyEightWattBad,119.5,0,0,0,1531974450
T5TwentyEightWattBad,119.400002,0,0,0,1531974452
T5TwentyEightWattBad,120,0,0,0,1531974453
T5TwentyEightWattBad,119.599998,0,0,0,1531974455
T5TwentyEightWattBad,119.599998,0,0,0,1531974457
T5TwentyEightWattBad,119.900002,0,0,0,1531974458
T5TwentyEightWattBad,119.800003,0,0,0,1531974460
T5TwentyEightWattBad,120.300003,0,0,0,1531974461
T5TwentyEightWattBad,119.599998,0,0,0,1531974463
T5TwentyEightWattBad,120.099998,0,0,0,1531974465
T5TwentyEightWattBad,120.699997,0,0,0,1531974466
T5TwentyEightWattBad,120.300003,0,0,0,1531974468
T5TwentyEightWattBad,119.699997,0,0,0,1531974469
T5TwentyEightWattBad,119.599998,0,0,0,1531974471
T5TwentyEightWattBad,120.5,0,0,0,1531974473
T5TwentyEightWattBad,120.800003,0,0,0,1531974474
T5TwentyEightWattBad,120.300003,0,0,0,1531974476
T5TwentyEightWattBad,119.900002,0,0,0,1531974477
T5TwentyEightWattBad,120.099998,0,0,0,1531974479
T5TwentyEightWattBad,120.199997,0,0,0,1531974481
T5TwentyEightWattBad,119.599998,0,0,0,1531974482
T5TwentyEightWattBad,120.300003,0,0,0,1531974484
T5TwentyEightWattBad,120.900002,0,0,0,1531974485
T5TwentyEightWattBad,120.900002,0,0,0,1531974487
T5TwentyEightWattBad,120.900002,0,0,0,1531974488
T5TwentyEightWattBad,120.300003,0,0,0,1531974490
T5TwentyEightWattBad,120.599998,0,0,0,1531974492
T5TwentyEightWattBad,120.599998,0,0,0,1531974493
T5TwentyEightWattBad,120.699997,0,0,0,1531974495
T5TwentyEightWattBad,121.099998,0,0,0,1531974496
T5TwentyEightWattBad,120.699997,0,0,0,1531974498
T5TwentyEightWattBad,120.900002,0,0,0,1531974500
T5TwentyEightWattBad,120.699997,0,0,0,1531974501
T5TwentyEightWattBad,120.900002,0,0,0,1531974503
T5TwentyEightWattBad,121,0,0,0,1531974504
T5TwentyEightWattBad,120,0,0,0,1531974506
T5TwentyEightWattBad,119.699997,0,0,0,1531974508
T5TwentyEightWattBad,118.900002,0,0,0,1531974509
T5TwentyEightWattBad,120.099998,0,0,0,1531974511
T5TwentyEightWattBad,119.699997,0,0,0,1531974513
T5TwentyEightWattBad,120.400002,0,0,0,1531974515
T5TwentyEightWattBad,121.099998,0,0,0,1531974516
T5TwentyEightWattBad,120.300003,0,0,0,1531974518
T5TwentyEightWattBad,120.300003,0,0,0,1531974520
T5TwentyEightWattBad,119.800003,0,0,0,1531974521
T5TwentyEightWattBad,120.5,0,0,0,1531974523
T5TwentyEightWattBad,120.300003,0,0,0,1531974525
T5TwentyEightWattBad,119.400002,0,0,0,1531974527
T5TwentyEightWattBad,119.599998,0,0,0,1531974528
T5TwentyEightWattBad,120.099998,0,0,0,1531974530
T5TwentyEightWattBad,120.300003,0,0,0,1531974532
T5TwentyEightWattBad,120.800003,0,0,0,1531974533
T5TwentyEightWattBad,120,0,0,0,1531974535
T5TwentyEightWattBad,121,0,0,0,1531974537
T5TwentyEightWattBad,120.599998,0,0,0,1531974539
T5TwentyEightWattBad,119.699997,0,0,0,1531974540
T5TwentyEightWattBad,120.199997,0,0,0,1531974542
T5TwentyEightWattBad,119.599998,0,0,0,1531974544
T5TwentyEightWattBad,119.699997,0,0,0,1531974545
T5TwentyEightWattBad,119.400002,0,0,0,1531974547
T5TwentyEightWattBad,119.699997,0,0,0,1531974548
T5TwentyEightWattBad,120.900002,0,0,0,1531974550
T5TwentyEightWattBad,121,0,0,0,1531974551
T5TwentyEightWattBad,120.599998,0,0,0,1531974553
T5TwentyEightWattBad,120.099998,0,0,0,1531974555
T5TwentyEightWattBad,118.900002,0,0,0,1531974556
T5TwentyEightWattBad,119.199997,0,0,0,1531974558
T5TwentyEightWattBad,119.800003,0,0,0,1531974559
T5TwentyEightWattBad,119.800003,0,0,0,1531974561
T5TwentyEightWattBad,120.400002,0,0,0,1531974563
T5TwentyEightWattBad,121,0,0,0,1531974564
T5TwentyEightWattBad,120.800003,0,0,0,1531974566
T5TwentyEightWattBad,120.5,0,0,0,1531974567
T5TwentyEightWattBad,120.099998,0,0,0,1531974569
T5TwentyEightWattBad,120.099998,0,0,0,1531974570
T5TwentyEightWattBad,120.599998,0,0,0,1531974572
T5TwentyEightWattBad,120.699997,0,0,0,1531974574
T5TwentyEightWattBad,120.400002,0,0,0,1531974575
T5TwentyEightWattBad,120.699997,0,0,0,1531974577
T5TwentyEightWattBad,120.199997,0,0,0,1531974578
T5TwentyEightWattBad,119.599998,0,0,0,1531974580
T5TwentyEightWattBad,119.400002,0,0,0,1531974582
T5TwentyEightWattBad,119.300003,0,0,0,1531974583
T5TwentyEightWattBad,119.5,0,0,0,1531974585
T5TwentyEightWattBad,119.199997,0,0,0,1531974586
T5TwentyEightWattBad,119.800003,0,0,0,1531974588
T5TwentyEightWattBad,120,0,0,0,1531974589
T5TwentyEightWattBad,120.300003,0,0,0,1531974591
T5TwentyEightWattBad,120.099998,0,0,0,1531974593
T5TwentyEightWattBad,119.199997,0,0,0,1531974594
T5TwentyEightWattBad,119,0,0,0,1531974596
T5TwentyEightWattBad,119.599998,0,0,0,1531974597
T5TwentyEightWattBad,120.199997,0,0,0,1531974599
T5TwentyEightWattBad,119.699997,0,0,0,1531974601
T5TwentyEightWattBad,120.099998,0,0,0,1531974602
T5TwentyEightWattBad,120.699997,0,0,0,1531974604
T5TwentyEightWattBad,120.300003,0,0,0,1531974605
T5TwentyEightWattBad,119.800003,0,0,0,1531974607
T5TwentyEightWattBad,120.800003,0,0,0,1531974609
T5TwentyEightWattBad,119.599998,0,0,0,1531974610
T5TwentyEightWattBad,119.199997,0,0,0,1531974612
T5TwentyEightWattBad,120,0,0,0,1531974613
T5TwentyEightWattBad,120.900002,0,0,0,1531974615
T5TwentyEightWattBad,120.099998,0,0,0,1531974617
T5TwentyEightWattBad,119,0,0,0,1531974618
T5TwentyEightWattBad,119,0,0,0,1531974620
T5TwentyEightWattBad,119.300003,0,0,0,1531974621
T5TwentyEightWattBad,119.800003,0,0,0,1531974623
T5TwentyEightWattBad,119.699997,0,0,0,1531974625
T5TwentyEightWattBad,119.699997,0,0,0,1531974626
T5TwentyEightWattBad,120.099998,0,0,0,1531974628
T5TwentyEightWattBad,120.099998,0,0,0,1531974630
T5TwentyEightWattBad,120.900002,0,0,0,1531974631
T5TwentyEightWattBad,120.5,0,0,0,1531974633
T5TwentyEightWattBad,119.800003,0,0,0,1531974634
T5TwentyEightWattBad,119.300003,0,0,0,1531974636
T5TwentyEightWattBad,118.699997,0,0,0,1531974638
T5TwentyEightWattBad,119.699997,0,0,0,1531974639
T5TwentyEightWattBad,120.099998,0,0,0,1531974641
T5TwentyEightWattBad,119.900002,0,0,0,1531974642
T5TwentyEightWattBad,119.5,0,0,0,1531974644
T5TwentyEightWattBad,119.599998,0,0,0,1531974646
T5TwentyEightWattBad,119.199997,0,0,0,1531974647
T5TwentyEightWattBad,119,0,0,0,1531974649
T5TwentyEightWattBad,119,0,0,0,1531974650
T5TwentyEightWattBad,118.800003,0,0,0,1531974652
T5TwentyEightWattBad,119.099998,0,0,0,1531974654
T5TwentyEightWattBad,119.699997,0,0,0,1531974655
T5TwentyEightWattBad,119.800003,0,0,0,1531974657
T5TwentyEightWattBad,120.099998,0,0,0,1531974658
T5TwentyEightWattBad,120.099998,0,0,0,1531974660
T5TwentyEightWattBad,120.099998,0,0,0,1531974662
T5TwentyEightWattBad,119.800003,0,0,0,1531974664
T5TwentyEightWattBad,119.5,0,0,0,1531974665
T5TwentyEightWattBad,120.300003,0,0,0,1531974667
T5TwentyEightWattBad,120.400002,0,0,0,1531974669
T5TwentyEightWattBad,120.099998,0,0,0,1531974670
T5TwentyEightWattBad,120.199997,0,0,0,1531974672
T5TwentyEightWattBad,119.900002,0,0,0,1531974673
T5TwentyEightWattBad,120.099998,0,0,0,1531974675
T5TwentyEightWattBad,119.599998,0,0,0,1531974677
T5TwentyEightWattBad,119.400002,0,0,0,1531974678
T5TwentyEightWattBad,119.699997,0,0,0,1531974680
T5TwentyEightWattBad,119.900002,0,0,0,1531974681
T5TwentyEightWattBad,120,0,0,0,1531974683
T5TwentyEightWattBad,119.300003,0,0,0,1531974685
T5TwentyEightWattBad,120.400002,0,0,0,1531974686
T5TwentyEightWattBad,120.099998,0,0,0,1531974688
T5TwentyEightWattBad,118.800003,0,0,0,1531974689
T5TwentyEightWattBad,119.699997,0,0,0,1531974691
T5TwentyEightWattBad,120.400002,0,0,0,1531974692
T5TwentyEightWattBad,120.400002,0,0,0,1531974694
T5TwentyEightWattBad,120.300003,0,0,0,1531974696
T5TwentyEightWattBad,120.5,0,0,0,1531974697
T5TwentyEightWattBad,120,0,0,0,1531974699
T5TwentyEightWattBad,119.599998,0,0,0,1531974700
T5TwentyEightWattBad,119.300003,0,0,0,1531974702
T5TwentyEightWattBad,119.699997,0,0,0,1531974704
T5TwentyEightWattBad,120.099998,0,0,0,1531974705
T5TwentyEightWattBad,119.599998,0,0,0,1531974707
T5TwentyEightWattBad,119.199997,0,0,0,1531974708
T5TwentyEightWattBad,119.699997,0,0,0,1531974710
T5TwentyEightWattBad,120.599998,0,0,0,1531974711
T5TwentyEightWattBad,120.800003,0,0,0,1531974713
T5TwentyEightWattBad,120.699997,0,0,0,1531974715
T5TwentyEightWattBad,120.599998,0,0,0,1531974716
T5TwentyEightWattBad,120.699997,0,0,0,1531974718
T5TwentyEightWattBad,121.199997,0,0,0,1531974720
T5TwentyEightWattBad,120.400002,0,0,0,1531974721
T5TwentyEightWattBad,119.5,0,0,0,1531974723
T5TwentyEightWattBad,119.199997,0,0,0,1531974724
T5TwentyEightWattBad,119,0,0,0,1531974726
T5TwentyEightWattBad,119,0,0,0,1531974728
T5TwentyEightWattBad,119.699997,0,0,0,1531974729
T5TwentyEightWattBad,119.800003,0,0,0,1531974731
T5TwentyEightWattBad,119.5,0,0,0,1531974732
T5TwentyEightWattBad,119.800003,0,0,0,1531974734
T5TwentyEightWattBad,120.5,0,0,0,1531974736
T5TwentyEightWattBad,120.300003,0,0,0,1531974737
T5TwentyEightWattBad,119.800003,0,0,0,1531974739
T5TwentyEightWattBad,119.400002,0,0,0,1531974740
T5TwentyEightWattBad,119.400002,0,0,0,1531974742
T5TwentyEightWattBad,118.599998,0,0,0,1531974744
T5TwentyEightWattBad,120,0,0,0,1531974745
T5TwentyEightWattBad,120.099998,0,0,0,1531974747
T5TwentyEightWattBad,119.699997,0,0,0,1531974748
T5TwentyEightWattBad,120.400002,0,0,0,1531974750
T5TwentyEightWattBad,120.400002,0,0,0,1531974752
T5TwentyEightWattBad,119.300003,0,0,0,1531974753
T5TwentyEightWattBad,119.400002,0,0,0,1531974755
T5TwentyEightWattBad,119.900002,0,0,0,1531974756
T5TwentyEightWattBad,119.800003,0,0,0,1531974758
T5TwentyEightWattBad,119.800003,0,0,0,1531974759
T5TwentyEightWattBad,119.5,0,0,0,1531974761
T5TwentyEightWattBad,119,0,0,0,1531974763
T5TwentyEightWattBad,120,0,0,0,1531974764
T5TwentyEightWattBad,120.699997,0,0,0,1531974766
T5TwentyEightWattBad,121.099998,0,0,0,1531974767
T5TwentyEightWattBad,120.400002,0,0,0,1531974769
T5TwentyEightWattBad,119.900002,0,0,0,1531974771
T5TwentyEightWattBad,120.599998,0,0,0,1531974772
T5TwentyEightWattBad,120.199997,0,0,0,1531974774
T5TwentyEightWattBad,119.300003,0,0,0,1531974775
T5TwentyEightWattBad,120,0,0,0,1531974777
T5TwentyEightWattBad,120.900002,0,0,0,1531974779
T5TwentyEightWattBad,121,0,0,0,1531974780
T5TwentyEightWattBad,120.699997,0,0,0,1531974782
T5TwentyEightWattBad,119.599998,0,0,0,1531974783
T5TwentyEightWattBad,119.800003,0,0,0,1531974785
T5TwentyEightWattBad,119.900002,0,0,0,1531974787
T5TwentyEightWattBad,120.099998,0,0,0,1531974788
T5TwentyEightWattBad,120.599998,0,0,0,1531974790
T5TwentyEightWattBad,120.300003,0,0,0,1531974791
T5TwentyEightWattBad,119.800003,0,0,0,1531974793
T5TwentyEightWattBad,119.699997,0,0,0,1531974795
T5TwentyEightWattBad,119.300003,0,0,0,1531974796
T5TwentyEightWattBad,119.599998,0,0,0,1531974798
T5TwentyEightWattBad,120,0,0,0,1531974799
T5TwentyEightWattBad,119.199997,0,0,0,1531974801
T5TwentyEightWattBad,119.300003,0,0,0,1531974803
T5TwentyEightWattBad,120.199997,0,0,0,1531974804
T5TwentyEightWattBad,120.199997,0,0,0,1531974806
T5TwentyEightWattBad,119.5,0,0,0,1531974807
T5TwentyEightWattBad,119.699997,0,0,0,1531974809
T5TwentyEightWattBad,120.400002,0,0,0,1531974811
T5TwentyEightWattBad,119.699997,0,0,0,1531974812
T5TwentyEightWattBad,119.400002,0,0,0,1531974814
T5TwentyEightWattBad,119.599998,0,0,0,1531974816
T5TwentyEightWattBad,120.199997,0,0,0,1531974817
T5TwentyEightWattBad,120.199997,0,0,0,1531974819
T5TwentyEightWattBad,120.400002,0,0,0,1531974820
T5TwentyEightWattBad,119.599998,0,0,0,1531974822
T5TwentyEightWattBad,119.099998,0,0,0,1531974824
T5TwentyEightWattBad,118.800003,0,0,0,1531974825
T5TwentyEightWattBad,119.599998,0,0,0,1531974827
T5TwentyEightWattBad,120.400002,0,0,0,1531974828
T5TwentyEightWattBad,120.5,0,0,0,1531974830
T5TwentyEightWattBad,121.199997,0,0,0,1531974832
T5TwentyEightWattBad,120,0,0,0,1531974833
T5TwentyEightWattBad,119.199997,0,0,0,1531974835
T5TwentyEightWattBad,119.599998,0,0,0,1531974836
T5TwentyEightWattBad,119.5,0,0,0,1531974838
T5TwentyEightWattBad,118.599998,0,0,0,1531974840
T5TwentyEightWattBad,119.099998,0,0,0,1531974841
T5TwentyEightWattBad,119.199997,0,0,0,1531974843
T5TwentyEightWattBad,119.900002,0,0,0,1531974844
T5TwentyEightWattBad,120.599998,0,0,0,1531974846
T5TwentyEightWattBad,121.199997,0,0,0,1531974848
T5TwentyEightWattBad,121.199997,0,0,0,1531974849
T5TwentyEightWattBad,120.800003,0,0,0,1531974851
T5TwentyEightWattBad,120.400002,0,0,0,1531974852
T5TwentyEightWattBad,119.900002,0,0,0,1531974854
T5TwentyEightWattBad,119.400002,0,0,0,1531974856
T5TwentyEightWattBad,119.699997,0,0,0,1531974857
T5TwentyEightWattBad,120,0,0,0,1531974859
T5TwentyEightWattBad,120.099998,0,0,0,1531974860
T5TwentyEightWattBad,119.5,0,0,0,1531974862
T5TwentyEightWattBad,119.300003,0,0,0,1531974864
T5TwentyEightWattBad,119.800003,0,0,0,1531974865
T5TwentyEightWattBad,119.599998,0,0,0,1531974867
T5TwentyEightWattBad,120,0,0,0,1531974868
T5TwentyEightWattBad,121.400002,0,0,0,1531974870
T5TwentyEightWattBad,121.400002,0,0,0,1531974872
T5TwentyEightWattBad,120.300003,0,0,0,1531974873
T5TwentyEightWattBad,120.400002,0,0,0,1531974875
T5TwentyEightWattBad,120.699997,0,0,0,1531974877
T5TwentyEightWattBad,120.199997,0,0,0,1531974878
T5TwentyEightWattBad,119.800003,0,0,0,1531974880
T5TwentyEightWattBad,119.800003,0,0,0,1531974881
T5TwentyEightWattBad,120,0,0,0,1531974883
T5TwentyEightWattBad,120.199997,0,0,0,1531974884
T5TwentyEightWattBad,120.199997,0,0,0,1531974886
T5TwentyEightWattBad,120.400002,0,0,0,1531974888
T5TwentyEightWattBad,120,0,0,0,1531974889
T5TwentyEightWattBad,119.300003,0,0,0,1531974891
T5TwentyEightWattBad,119.099998,0,0,0,1531974892
T5TwentyEightWattBad,119.300003,0,0,0,1531974894
T5TwentyEightWattBad,119.199997,0,0,0,1531974896
T5TwentyEightWattBad,118.300003,0,0,0,1531974897
T5TwentyEightWattBad,119.300003,0,0,0,1531974899
T5TwentyEightWattBad,120.400002,0,0,0,1531974900
T5TwentyEightWattBad,118.699997,0,0,0,1531974902
T5TwentyEightWattBad,118.699997,0,0,0,1531974904
T5TwentyEightWattBad,119.599998,0,0,0,1531974905
T5TwentyEightWattBad,119.5,0,0,0,1531974907
T5TwentyEightWattBad,119.599998,0,0,0,1531974908
T5TwentyEightWattBad,120.699997,0,0,0,1531974910
T5TwentyEightWattBad,120.699997,0,0,0,1531974912
T5TwentyEightWattBad,119,0,0,0,1531974913
T5TwentyEightWattBad,118.699997,0,0,0,1531974915
T5TwentyEightWattBad,119.699997,0,0,0,1531974916
T5TwentyEightWattBad,119.900002,0,0,0,1531974918
T5TwentyEightWattBad,120.800003,0,0,0,1531974920
T5TwentyEightWattBad,119.599998,0,0,0,1531974921
T5TwentyEightWattBad,119.5,0,0,0,1531974923
T5TwentyEightWattBad,120.5,0,0,0,1531974925
T5TwentyEightWattBad,120.199997,0,0,0,1531974926
T5TwentyEightWattBad,120.099998,0,0,0,1531974928
T5TwentyEightWattBad,120.099998,0,0,0,1531974929
T5TwentyEightWattBad,120,0,0,0,1531974931
T5TwentyEightWattBad,119.800003,0,0,0,1531974933
T5TwentyEightWattBad,120.099998,0,0,0,1531974934
T5TwentyEightWattBad,119.400002,0,0,0,1531974936
T5TwentyEightWattBad,119.699997,0,0,0,1531974937
T5TwentyEightWattBad,120.300003,0,0,0,1531974939
T5TwentyEightWattBad,119.599998,0,0,0,1531974941
T5TwentyEightWattBad,119.800003,0,0,0,1531974942
T5TwentyEightWattBad,119.800003,0,0,0,1531974944
T5TwentyEightWattBad,120.300003,0,0,0,1531974946
T5TwentyEightWattBad,120.400002,0,0,0,1531974947
T5TwentyEightWattBad,119.699997,0,0,0,1531974949
T5TwentyEightWattBad,119.5,0,0,0,1531974950
T5TwentyEightWattBad,120.199997,0,0,0,1531974952
T5TwentyEightWattBad,120.300003,0,0,0,1531974954
T5TwentyEightWattBad,119.400002,0,0,0,1531974955
T5TwentyEightWattBad,120.099998,0,0,0,1531974957
T5TwentyEightWattBad,120.099998,0,0,0,1531974958
T5TwentyEightWattBad,119.5,0,0,0,1531974960
T5TwentyEightWattBad,119.599998,0,0,0,1531974962
T5TwentyEightWattBad,119.400002,0,0,0,1531974963
T5TwentyEightWattBad,119.599998,0,0,0,1531974965
T5TwentyEightWattBad,120,0,0,0,1531974966
T5TwentyEightWattBad,119.300003,0,0,0,1531974968
T5TwentyEightWattBad,119.900002,0,0,0,1531974970
T5TwentyEightWattBad,120.5,0,0,0,1531974971
T5TwentyEightWattBad,120.5,0,0,0,1531974973
T5TwentyEightWattBad,120.099998,0,0,0,1531974975
T5TwentyEightWattBad,119.300003,0,0,0,1531974976
T5TwentyEightWattBad,119.599998,0,0,0,1531974978
T5TwentyEightWattBad,120.400002,0,0,0,1531974979
T5TwentyEightWattBad,120.199997,0,0,0,1531974981
T5TwentyEightWattBad,120,0,0,0,1531974983
T5TwentyEightWattBad,119.400002,0,0,0,1531974984
T5TwentyEightWattBad,119,0,0,0,1531974986
T5TwentyEightWattBad,119.199997,0,0,0,1531974987
T5TwentyEightWattBad,119.900002,0,0,0,1531974989
T5TwentyEightWattBad,120.099998,0,0,0,1531974991
T5TwentyEightWattBad,119.199997,0,0,0,1531974992
T5TwentyEightWattBad,119.800003,0,0,0,1531974994
T5TwentyEightWattBad,119.900002,0,0,0,1531974995
T5TwentyEightWattBad,119.800003,0,0,0,1531974997
T5TwentyEightWattBad,119.900002,0,0,0,1531974999
T5TwentyEightWattBad,119.400002,0,0,0,1531975000
T5TwentyEightWattBad,119.300003,0,0,0,1531975002
T5TwentyEightWattBad,119.300003,0,0,0,1531975003
T5TwentyEightWattBad,119.5,0,0,0,1531975005
T5TwentyEightWattBad,119.5,0,0,0,1531975007
T5TwentyEightWattBad,119.900002,0,0,0,1531975008
T5TwentyEightWattBad,119.599998,0,0,0,1531975010
T5TwentyEightWattBad,119.900002,0,0,0,1531975011
T5TwentyEightWattBad,119.400002,0,0,0,1531975013
T5TwentyEightWattBad,120,0,0,0,1531975015
T5TwentyEightWattBad,119.599998,0,0,0,1531975016
T5TwentyEightWattBad,119.900002,0,0,0,1531975018
T5TwentyEightWattBad,120.199997,0,0,0,1531975019
T5TwentyEightWattBad,119.400002,0,0,0,1531975021
T5TwentyEightWattBad,119.099998,0,0,0,1531975023
T5TwentyEightWattBad,120.300003,0,0,0,1531975024
T5TwentyEightWattBad,119.900002,0,0,0,1531975026
T5TwentyEightWattBad,120.199997,0,0,0,1531975028
T5TwentyEightWattBad,119.900002,0,0,0,1531975029
T5TwentyEightWattBad,119.099998,0,0,0,1531975031
T5TwentyEightWattBad,119.300003,0,0,0,1531975032
T5TwentyEightWattBad,120.099998,0,0,0,1531975034
T5TwentyEightWattBad,120.099998,0,0,0,1531975036
T5TwentyEightWattBad,120,0,0,0,1531975037
T5TwentyEightWattBad,120.300003,0,0,0,1531975039
T5TwentyEightWattBad,119.900002,0,0,0,1531975040
T5TwentyEightWattBad,119.900002,0,0,0,1531975042
T5TwentyEightWattBad,119.5,0,0,0,1531975044
T5TwentyEightWattBad,119.099998,0,0,0,1531975045
T5TwentyEightWattBad,119.400002,0,0,0,1531975047
T5TwentyEightWattBad,120.199997,0,0,0,1531975048
T5TwentyEightWattBad,119.800003,0,0,0,1531975050
T5TwentyEightWattBad,119.900002,0,0,0,1531975052
T5TwentyEightWattBad,119.5,0,0,0,1531975053
T5TwentyEightWattBad,119,0,0,0,1531975055
T5TwentyEightWattBad,119.400002,0,0,0,1531975056
T5TwentyEightWattBad,120.199997,0,0,0,1531975058
T5TwentyEightWattBad,119.599998,0,0,0,1531975060
T5TwentyEightWattBad,118.699997,0,0,0,1531975061
T5TwentyEightWattBad,118.599998,0,0,0,1531975063
T5TwentyEightWattBad,118.599998,0,0,0,1531975065
T5TwentyEightWattBad,119.400002,0,0,0,1531975066
T5TwentyEightWattBad,119.900002,0,0,0,1531975068
T5TwentyEightWattBad,119.800003,0,0,0,1531975069
T5TwentyEightWattBad,119.400002,0,0,0,1531975071
T5TwentyEightWattBad,119.300003,0,0,0,1531975072
T5TwentyEightWattBad,120.400002,0,0,0,1531975074
T5TwentyEightWattBad,119.5,0,0,0,1531975076
T5TwentyEightWattBad,118.699997,0,0,0,1531975077
T5TwentyEightWattBad,118.800003,0,0,0,1531975079
T5TwentyEightWattBad,118.800003,0,0,0,1531975080
T5TwentyEightWattBad,120.199997,0,0,0,1531975082
T5TwentyEightWattBad,119.900002,0,0,0,1531975084
T5TwentyEightWattBad,119,0,0,0,1531975085
T5TwentyEightWattBad,119.300003,0,0,0,1531975087
T5TwentyEightWattBad,119.599998,0,0,0,1531975089
T5TwentyEightWattBad,120,0,0,0,1531975090
T5TwentyEightWattBad,119.900002,0,0,0,1531975092
T5TwentyEightWattBad,119.300003,0,0,0,1531975093
T5TwentyEightWattBad,119.800003,0,0,0,1531975095
T5TwentyEightWattBad,119.699997,0,0,0,1531975097
T5TwentyEightWattBad,119.400002,0,0,0,1531975098
T5TwentyEightWattBad,119.5,0,0,0,1531975100
T5TwentyEightWattBad,119.400002,0,0,0,1531975101
T5TwentyEightWattBad,119.400002,0,0,0,1531975103
T5TwentyEightWattBad,119.800003,0,0,0,1531975105
T5TwentyEightWattBad,119.400002,0,0,0,1531975106
T5TwentyEightWattBad,119.5,0,0,0,1531975108
T5TwentyEightWattBad,120,0,0,0,1531975110
T5TwentyEightWattBad,120,0,0,0,1531975111
T5TwentyEightWattBad,120.300003,0,0,0,1531975113
T5TwentyEightWattBad,119.300003,0,0,0,1531975114
T5TwentyEightWattBad,120.5,0,0,0,1531975116
T5TwentyEightWattBad,120.699997,0,0,0,1531975118
T5TwentyEightWattBad,120,0,0,0,1531975119
T5TwentyEightWattBad,119.5,0,0,0,1531975121
T5TwentyEightWattBad,119.800003,0,0,0,1531975122
T5TwentyEightWattBad,119.5,0,0,0,1531975124
T5TwentyEightWattBad,120.199997,0,0,0,1531975126
T5TwentyEightWattBad,119.300003,0,0,0,1531975127
T5TwentyEightWattBad,119,0,0,0,1531975129
T5TwentyEightWattBad,119.800003,0,0,0,1531975130
T5TwentyEightWattBad,119.400002,0,0,0,1531975132
T5TwentyEightWattBad,119.300003,0,0,0,1531975134
T5TwentyEightWattBad,119.900002,0,0,0,1531975135
T5TwentyEightWattBad,120.599998,0,0,0,1531975137
T5TwentyEightWattBad,120.300003,0,0,0,1531975138
T5TwentyEightWattBad,120,0,0,0,1531975140
T5TwentyEightWattBad,120.5,0,0,0,1531975142
T5TwentyEightWattBad,120.599998,0,0,0,1531975143
T5TwentyEightWattBad,119.900002,0,0,0,1531975145
T5TwentyEightWattBad,119.400002,0,0,0,1531975146
T5TwentyEightWattBad,119.699997,0,0,0,1531975148
T5TwentyEightWattBad,120.599998,0,0,0,1531975150
T5TwentyEightWattBad,120.699997,0,0,0,1531975151
T5TwentyEightWattBad,119.699997,0,0,0,1531975153
T5TwentyEightWattBad,119.099998,0,0,0,1531975155
T5TwentyEightWattBad,119.5,0,0,0,1531975156
T5TwentyEightWattBad,119.900002,0,0,0,1531975158
T5TwentyEightWattBad,120,0,0,0,1531975159
T5TwentyEightWattBad,119.300003,0,0,0,1531975161
T5TwentyEightWattBad,119.5,0,0,0,1531975163
T5TwentyEightWattBad,119.900002,0,0,0,1531975164
T5TwentyEightWattBad,120.599998,0,0,0,1531975166
T5TwentyEightWattBad,120.699997,0,0,0,1531975167
T5TwentyEightWattBad,120.699997,0,0,0,1531975169
T5TwentyEightWattBad,121.400002,0,0,0,1531975171
T5TwentyEightWattBad,120.400002,0,0,0,1531975172
T5TwentyEightWattBad,120.199997,0,0,0,1531975174
T5TwentyEightWattBad,120.400002,0,0,0,1531975175
T5TwentyEightWattBad,120.599998,0,0,0,1531975177
T5TwentyEightWattBad,121.5,0,0,0,1531975179
T5TwentyEightWattBad,121.400002,0,0,0,1531975180
T5TwentyEightWattBad,121.400002,0,0,0,1531975182
T5TwentyEightWattBad,120.5,0,0,0,1531975183
T5TwentyEightWattBad,120.699997,0,0,0,1531975185
T5TwentyEightWattBad,121.199997,0,0,0,1531975187
T5TwentyEightWattBad,120.400002,0,0,0,1531975188
T5TwentyEightWattBad,119.699997,0,0,0,1531975190
T5TwentyEightWattBad,119.599998,0,0,0,1531975191
T5TwentyEightWattBad,120.300003,0,0,0,1531975193
T5TwentyEightWattBad,121.400002,0,0,0,1531975195
T5TwentyEightWattBad,120,0,0,0,1531975196
T5TwentyEightWattBad,119.699997,0,0,0,1531975198
T5TwentyEightWattBad,120.699997,0,0,0,1531975199
T5TwentyEightWattBad,121.099998,0,0,0,1531975201
T5TwentyEightWattBad,120.599998,0,0,0,1531975203
T5TwentyEightWattBad,120,0,0,0,1531975204
T5TwentyEightWattBad,119.900002,0,0,0,1531975206
T5TwentyEightWattBad,119.300003,0,0,0,1531975208
T5TwentyEightWattBad,119.199997,0,0,0,1531975209
T5TwentyEightWattBad,119.400002,0,0,0,1531975211
T5TwentyEightWattBad,119.300003,0,0,0,1531975212
T5TwentyEightWattBad,119.300003,0,0,0,1531975214
T5TwentyEightWattBad,119.300003,0,0,0,1531975216
T5TwentyEightWattBad,118.800003,0,0,0,1531975217
T5TwentyEightWattBad,118.699997,0,0,0,1531975219
T5TwentyEightWattBad,118.699997,0,0,0,1531975220
T5TwentyEightWattBad,118.699997,0,0,0,1531975222
T5TwentyEightWattBad,119,0,0,0,1531975224
T5TwentyEightWattBad,119.199997,0,0,0,1531975225
T5TwentyEightWattBad,119.300003,0,0,0,1531975227
T5TwentyEightWattBad,120,0,0,0,1531975228
T5TwentyEightWattBad,119.199997,0,0,0,1531975230
T5TwentyEightWattBad,119.199997,0,0,0,1531975232
T5TwentyEightWattBad,118.400002,0,0,0,1531975233
T5TwentyEightWattBad,118.900002,0,0,0,1531975235
T5TwentyEightWattBad,119.5,0,0,0,1531975236
T5TwentyEightWattBad,119.199997,0,0,0,1531975238
T5TwentyEightWattBad,118.400002,0,0,0,1531975240
T5TwentyEightWattBad,118.699997,0,0,0,1531975241
T5TwentyEightWattBad,118.800003,0,0,0,1531975243
T5TwentyEightWattBad,118.199997,0,0,0,1531975244
T5TwentyEightWattBad,118.199997,0,0,0,1531975246
T5TwentyEightWattBad,119.099998,0,0,0,1531975248
T5TwentyEightWattBad,120,0,0,0,1531975249
T5TwentyEightWattBad,119.800003,0,0,0,1531975251
T5TwentyEightWattBad,119.800003,0,0,0,1531975252
T5TwentyEightWattBad,119.599998,0,0,0,1531975254
T5TwentyEightWattBad,120.199997,0,0,0,1531975256
T5TwentyEightWattBad,120.099998,0,0,0,1531975257
T5TwentyEightWattBad,119.900002,0,0,0,1531975259
T5TwentyEightWattBad,118.5,0,0,0,1531975260
T5TwentyEightWattBad,118.900002,0,0,0,1531975262
T5TwentyEightWattBad,120.400002,0,0,0,1531975264
T5TwentyEightWattBad,119.5,0,0,0,1531975265
T5TwentyEightWattBad,118.199997,0,0,0,1531975267
T5TwentyEightWattBad,119.800003,0,0,0,1531975269
T5TwentyEightWattBad,119.699997,0,0,0,1531975271
T5TwentyEightWattBad,119.199997,0,0,0,1531975272
T5TwentyEightWattBad,118.800003,0,0,0,1531975274
T5TwentyEightWattBad,119.400002,0,0,0,1531975276
T5TwentyEightWattBad,119.199997,0,0,0,1531975277
T5TwentyEightWattBad,118.599998,0,0,0,1531975279
T5TwentyEightWattBad,119.699997,0,0,0,1531975280
T5TwentyEightWattBad,119.5,0,0,0,1531975282
T5TwentyEightWattBad,119.199997,0,0,0,1531975284
T5TwentyEightWattBad,119.199997,0,0,0,1531975285
T5TwentyEightWattBad,118.900002,0,0,0,1531975287
T5TwentyEightWattBad,118.599998,0,0,0,1531975288
T5TwentyEightWattBad,118.400002,0,0,0,1531975290
T5TwentyEightWattBad,118.699997,0,0,0,1531975292
T5TwentyEightWattBad,120.099998,0,0,0,1531975293
T5TwentyEightWattBad,119.699997,0,0,0,1531975295
T5TwentyEightWattBad,119,0,0,0,1531975297
T5TwentyEightWattBad,119,0,0,0,1531975298
T5TwentyEightWattBad,119,0,0,0,1531975300
T5TwentyEightWattBad,119.300003,0,0,0,1531975301
T5TwentyEightWattBad,119.199997,0,0,0,1531975303
T5TwentyEightWattBad,119.5,0,0,0,1531975305
T5TwentyEightWattBad,118.599998,0,0,0,1531975306
T5TwentyEightWattBad,118.800003,0,0,0,1531975308
T5TwentyEightWattBad,119,0,0,0,1531975309
T5TwentyEightWattBad,118.599998,0,0,0,1531975311
T5TwentyEightWattBad,118.800003,0,0,0,1531975313
T5TwentyEightWattBad,119,0,0,0,1531975314
T5TwentyEightWattBad,119.699997,0,0,0,1531975316
T5TwentyEightWattBad,120,0,0,0,1531975317
T5TwentyEightWattBad,119.099998,0,0,0,1531975319
T5TwentyEightWattBad,119.300003,0,0,0,1531975321
T5TwentyEightWattBad,119.599998,0,0,0,1531975322
T5TwentyEightWattBad,120.099998,0,0,0,1531975324
T5TwentyEightWattBad,119.400002,0,0,0,1531975325
T5TwentyEightWattBad,118.699997,0,0,0,1531975327
T5TwentyEightWattBad,118.199997,0,0,0,1531975329
T5TwentyEightWattBad,117.900002,0,0,0,1531975330
T5TwentyEightWattBad,118.699997,0,0,0,1531975332
T5TwentyEightWattBad,119.199997,0,0,0,1531975333
T5TwentyEightWattBad,119.900002,0,0,0,1531975335
T5TwentyEightWattBad,119.400002,0,0,0,1531975337
T5TwentyEightWattBad,117.900002,0,0,0,1531975338
T5TwentyEightWattBad,117.900002,0,0,0,1531975340
T5TwentyEightWattBad,118.800003,0,0,0,1531975342
T5TwentyEightWattBad,120.199997,0,0,0,1531975343
T5TwentyEightWattBad,119.099998,0,0,0,1531975345
T5TwentyEightWattBad,118.5,0,0,0,1531975346
T5TwentyEightWattBad,118.900002,0,0,0,1531975348
T5TwentyEightWattBad,118.699997,0,0,0,1531975349
T5TwentyEightWattBad,119.099998,0,0,0,1531975351
T5TwentyEightWattBad,119.599998,0,0,0,1531975353
T5TwentyEightWattBad,118.699997,0,0,0,1531975354
T5TwentyEightWattBad,118.400002,0,0,0,1531975356
T5TwentyEightWattBad,118.800003,0,0,0,1531975357
T5TwentyEightWattBad,120.5,0,0,0,1531975359
T5TwentyEightWattBad,120.5,0,0,0,1531975361
T5TwentyEightWattBad,119.599998,0,0,0,1531975362
T5TwentyEightWattBad,120.400002,0,0,0,1531975364
T5TwentyEightWattBad,119.699997,0,0,0,1531975366
T5TwentyEightWattBad,119,0,0,0,1531975367
T5TwentyEightWattBad,119.800003,0,0,0,1531975369
T5TwentyEightWattBad,119.5,0,0,0,1531975371
T5TwentyEightWattBad,119.300003,0,0,0,1531975372
T5TwentyEightWattBad,118.699997,0,0,0,1531975374
T5TwentyEightWattBad,118.699997,0,0,0,1531975375
T5TwentyEightWattBad,119.599998,0,0,0,1531975377
T5TwentyEightWattBad,119.900002,0,0,0,1531975379
T5TwentyEightWattBad,118.800003,0,0,0,1531975380
T5TwentyEightWattBad,118.599998,0,0,0,1531975382
T5TwentyEightWattBad,119.199997,0,0,0,1531975383
T5TwentyEightWattBad,119.099998,0,0,0,1531975385
T5TwentyEightWattBad,119.099998,0,0,0,1531975387
T5TwentyEightWattBad,118.599998,0,0,0,1531975388
T5TwentyEightWattBad,118.800003,0,0,0,1531975390
T5TwentyEightWattBad,119.199997,0,0,0,1531975392
T5TwentyEightWattBad,118.699997,0,0,0,1531975393
T5TwentyEightWattBad,119.099998,0,0,0,1531975395
T5TwentyEightWattBad,118.800003,0,0,0,1531975396
T5TwentyEightWattBad,118.5,0,0,0,1531975398
T5TwentyEightWattBad,119.099998,0,0,0,1531975400
T5TwentyEightWattBad,118.400002,0,0,0,1531975401
T5TwentyEightWattBad,118,0,0,0,1531975403
T5TwentyEightWattBad,118.5,0,0,0,1531975404
T5TwentyEightWattBad,118.400002,0,0,0,1531975406
T5TwentyEightWattBad,118.5,0,0,0,1531975408
T5TwentyEightWattBad,119.599998,0,0,0,1531975409
T5TwentyEightWattBad,119.099998,0,0,0,1531975411
T5TwentyEightWattBad,118.099998,0,0,0,1531975412
T5TwentyEightWattBad,119.400002,0,0,0,1531975414
T5TwentyEightWattBad,120,0,0,0,1531975416
T5TwentyEightWattBad,119.300003,0,0,0,1531975417
T5TwentyEightWattBad,118.900002,0,0,0,1531975419
T5TwentyEightWattBad,118.599998,0,0,0,1531975421
T5TwentyEightWattBad,118.599998,0,0,0,1531975422
T5TwentyEightWattBad,119.5,0,0,0,1531975424
T5TwentyEightWattBad,119.099998,0,0,0,1531975425
T5TwentyEightWattBad,119,0,0,0,1531975427
T5TwentyEightWattBad,119,0,0,0,1531975429
T5TwentyEightWattBad,119.699997,0,0,0,1531975430
T5TwentyEightWattBad,119.5,0,0,0,1531975432
T5TwentyEightWattBad,118.400002,0,0,0,1531975433
T5TwentyEightWattBad,118.800003,0,0,0,1531975435
T5TwentyEightWattBad,119.099998,0,0,0,1531975437
T5TwentyEightWattBad,118.900002,0,0,0,1531975438
T5TwentyEightWattBad,118.900002,0,0,0,1531975440
T5TwentyEightWattBad,118.900002,0,0,0,1531975441
T5TwentyEightWattBad,119.599998,0,0,0,1531975443
T5TwentyEightWattBad,119.599998,0,0,0,1531975445
T5TwentyEightWattBad,118.900002,0,0,0,1531975446
T5TwentyEightWattBad,119,0,0,0,1531975448
T5TwentyEightWattBad,119.599998,0,0,0,1531975450
T5TwentyEightWattBad,119.300003,0,0,0,1531975451
T5TwentyEightWattBad,118.900002,0,0,0,1531975453
T5TwentyEightWattBad,118.599998,0,0,0,1531975454
T5TwentyEightWattBad,118,0,0,0,1531975456
T5TwentyEightWattBad,117.5,0,0,0,1531975458
T5TwentyEightWattBad,119.199997,0,0,0,1531975459
T5TwentyEightWattBad,118.900002,0,0,0,1531975461
T5TwentyEightWattBad,118.099998,0,0,0,1531975463
T5TwentyEightWattBad,118.599998,0,0,0,1531975464
T5TwentyEightWattBad,119.199997,0,0,0,1531975466
T5TwentyEightWattBad,118.699997,0,0,0,1531975467
T5TwentyEightWattBad,118.800003,0,0,0,1531975469
T5TwentyEightWattBad,118.599998,0,0,0,1531975471
T5TwentyEightWattBad,118.300003,0,0,0,1531975472
T5TwentyEightWattBad,118.599998,0,0,0,1531975474
T5TwentyEightWattBad,118.699997,0,0,0,1531975475
T5TwentyEightWattBad,117.400002,0,0,0,1531975477
T5TwentyEightWattBad,117.699997,0,0,0,1531975479
T5TwentyEightWattBad,118.699997,0,0,0,1531975480
T5TwentyEightWattBad,119,0,0,0,1531975482
T5TwentyEightWattBad,119,0,0,0,1531975483
T5TwentyEightWattBad,120.099998,0,0,0,1531975485
T5TwentyEightWattBad,119.699997,0,0,0,1531975487
T5TwentyEightWattBad,118.599998,0,0,0,1531975488
T5TwentyEightWattBad,118.5,0,0,0,1531975490
T5TwentyEightWattBad,119.099998,0,0,0,1531975492
T5TwentyEightWattBad,119.199997,0,0,0,1531975493
T5TwentyEightWattBad,118.5,0,0,0,1531975495
T5TwentyEightWattBad,118.5,0,0,0,1531975496
T5TwentyEightWattBad,119.300003,0,0,0,1531975498
T5TwentyEightWattBad,118.699997,0,0,0,1531975500
T5TwentyEightWattBad,118.900002,0,0,0,1531975501
T5TwentyEightWattBad,119.699997,0,0,0,1531975503
T5TwentyEightWattBad,119.400002,0,0,0,1531975505
T5TwentyEightWattBad,119.300003,0,0,0,1531975506
T5TwentyEightWattBad,120.099998,0,0,0,1531975508
T5TwentyEightWattBad,120.300003,0,0,0,1531975510
T5TwentyEightWattBad,119.400002,0,0,0,1531975511
T5TwentyEightWattBad,118.800003,0,0,0,1531975513
T5TwentyEightWattBad,118.599998,0,0,0,1531975514
T5TwentyEightWattBad,118.900002,0,0,0,1531975516
T5TwentyEightWattBad,119.900002,0,0,0,1531975518
T5TwentyEightWattBad,119.800003,0,0,0,1531975519
T5TwentyEightWattBad,118.900002,0,0,0,1531975521
T5TwentyEightWattBad,119,0,0,0,1531975523
T5TwentyEightWattBad,118.699997,0,0,0,1531975524
T5TwentyEightWattBad,119.300003,0,0,0,1531975526
T5TwentyEightWattBad,120,0,0,0,1531975528
T5TwentyEightWattBad,119,0,0,0,1531975529
T5TwentyEightWattBad,118.699997,0,0,0,1531975531
T5TwentyEightWattBad,119,0,0,0,1531975533
T5TwentyEightWattBad,118.300003,0,0,0,1531975534
T5TwentyEightWattBad,119,0,0,0,1531975536
T5TwentyEightWattBad,119.5,0,0,0,1531975538
T5TwentyEightWattBad,119.400002,0,0,0,1531975539
T5TwentyEightWattBad,118.300003,0,0,0,1531975541
T5TwentyEightWattBad,118.5,0,0,0,1531975542
T5TwentyEightWattBad,118.5,0,0,0,1531975544
T5TwentyEightWattBad,118.699997,0,0,0,1531975546
T5TwentyEightWattBad,118.800003,0,0,0,1531975547
T5TwentyEightWattBad,119.699997,0,0,0,1531975549
T5TwentyEightWattBad,119.199997,0,0,0,1531975551
T5TwentyEightWattBad,118.300003,0,0,0,1531975552
T5TwentyEightWattBad,118.900002,0,0,0,1531975554
T5TwentyEightWattBad,118.599998,0,0,0,1531975556
T5TwentyEightWattBad,118.5,0,0,0,1531975557
T5TwentyEightWattBad,119.199997,0,0,0,1531975559
T5TwentyEightWattBad,119.199997,0,0,0,1531975561
T5TwentyEightWattBad,119.800003,0,0,0,1531975562
T5TwentyEightWattBad,119.699997,0,0,0,1531975564
T5TwentyEightWattBad,119.199997,0,0,0,1531975566
T5TwentyEightWattBad,118.699997,0,0,0,1531975567
T5TwentyEightWattBad,118.800003,0,0,0,1531975569
T5TwentyEightWattBad,118.800003,0,0,0,1531975571
T5TwentyEightWattBad,118.699997,0,0,0,1531975572
T5TwentyEightWattBad,118.599998,0,0,0,1531975574
T5TwentyEightWattBad,119.199997,0,0,0,1531975576
T5TwentyEightWattBad,119.300003,0,0,0,1531975577
T5TwentyEightWattBad,119.5,0,0,0,1531975579
T5TwentyEightWattBad,119.099998,0,0,0,1531975581
T5TwentyEightWattBad,119.199997,0,0,0,1531975582
T5TwentyEightWattBad,118.900002,0,0,0,1531975584
T5TwentyEightWattBad,119.400002,0,0,0,1531975586
T5TwentyEightWattBad,119.599998,0,0,0,1531975587
T5TwentyEightWattBad,119.599998,0,0,0,1531975589
T5TwentyEightWattBad,119.699997,0,0,0,1531975591
T5TwentyEightWattBad,119.400002,0,0,0,1531975592
T5TwentyEightWattBad,118.900002,0,0,0,1531975594
T5TwentyEightWattBad,118.800003,0,0,0,1531975596
T5TwentyEightWattBad,119.400002,0,0,0,1531975597
T5TwentyEightWattBad,119.599998,0,0,0,1531975599
T5TwentyEightWattBad,119.300003,0,0,0,1531975601
T5TwentyEightWattBad,118.5,0,0,0,1531975602
T5TwentyEightWattBad,117.800003,0,0,0,1531975604
T5TwentyEightWattBad,118.800003,0,0,0,1531975606
T5TwentyEightWattBad,118.800003,0,0,0,1531975607
T5TwentyEightWattBad,118.099998,0,0,0,1531975609
T5TwentyEightWattBad,118,0,0,0,1531975611
T5TwentyEightWattBad,117.599998,0,0,0,1531975612
T5TwentyEightWattBad,117.699997,0,0,0,1531975614
T5TwentyEightWattBad,118.300003,0,0,0,1531975616
T5TwentyEightWattBad,118.699997,0,0,0,1531975617
T5TwentyEightWattBad,118.5,0,0,0,1531975619
T5TwentyEightWattBad,119.099998,0,0,0,1531975621
T5TwentyEightWattBad,119.300003,0,0,0,1531975622
T5TwentyEightWattBad,119.199997,0,0,0,1531975624
T5TwentyEightWattBad,118.900002,0,0,0,1531975626
T5TwentyEightWattBad,118.199997,0,0,0,1531975627
T5TwentyEightWattBad,118.800003,0,0,0,1531975629
T5TwentyEightWattBad,119.099998,0,0,0,1531975631
T5TwentyEightWattBad,119.599998,0,0,0,1531975632
T5TwentyEightWattBad,119.900002,0,0,0,1531975634
T5TwentyEightWattBad,120.099998,0,0,0,1531975636
T5TwentyEightWattBad,119.5,0,0,0,1531975637
T5TwentyEightWattBad,119.300003,0,0,0,1531975639
T5TwentyEightWattBad,119.900002,0,0,0,1531975641
T5TwentyEightWattBad,118.400002,0,0,0,1531975642
T5TwentyEightWattBad,118.199997,0,0,0,1531975644
T5TwentyEightWattBad,118.199997,0,0,0,1531975646
T5TwentyEightWattBad,119.099998,0,0,0,1531975647
T5TwentyEightWattBad,119.5,0,0,0,1531975649
T5TwentyEightWattBad,118.900002,0,0,0,1531975651
T5TwentyEightWattBad,117.900002,0,0,0,1531975652
T5TwentyEightWattBad,118.5,0,0,0,1531975654
T5TwentyEightWattBad,118.800003,0,0,0,1531975656
T5TwentyEightWattBad,119.400002,0,0,0,1531975657
T5TwentyEightWattBad,118.400002,0,0,0,1531975659
T5TwentyEightWattBad,118.199997,0,0,0,1531975661
T5TwentyEightWattBad,118.599998,0,0,0,1531975662
T5TwentyEightWattBad,118.5,0,0,0,1531975664
T5TwentyEightWattBad,118.099998,0,0,0,1531975666
T5TwentyEightWattBad,119.300003,0,0,0,1531975667
T5TwentyEightWattBad,119.199997,0,0,0,1531975669
T5TwentyEightWattBad,118.400002,0,0,0,1531975671
T5TwentyEightWattBad,118.699997,0,0,0,1531975672
T5TwentyEightWattBad,119,0,0,0,1531975674
T5TwentyEightWattBad,119.099998,0,0,0,1531975676
T5TwentyEightWattBad,120.5,0,0,0,1531975677
T5TwentyEightWattBad,120.400002,0,0,0,1531975679
T5TwentyEightWattBad,119.199997,0,0,0,1531975681
T5TwentyEightWattBad,119.599998,0,0,0,1531975682
T5TwentyEightWattBad,118.699997,0,0,0,1531975684
T5TwentyEightWattBad,118.199997,0,0,0,1531975686
T5TwentyEightWattBad,119.300003,0,0,0,1531975687
T5TwentyEightWattBad,119.300003,0,0,0,1531975689
T5TwentyEightWattBad,118.300003,0,0,0,1531975691
T5TwentyEightWattBad,119.400002,0,0,0,1531975692
T5TwentyEightWattBad,119.800003,0,0,0,1531975694
T5TwentyEightWattBad,119,0,0,0,1531975696
T5TwentyEightWattBad,119,0,0,0,1531975697
T5TwentyEightWattBad,119.099998,0,0,0,1531975699
T5TwentyEightWattBad,119.199997,0,0,0,1531975701
T5TwentyEightWattBad,118.800003,0,0,0,1531975702
T5TwentyEightWattBad,119,0,0,0,1531975704
T5TwentyEightWattBad,119.300003,0,0,0,1531975706
T5TwentyEightWattBad,118.599998,0,0,0,1531975707
T5TwentyEightWattBad,118.099998,0,0,0,1531975709
T5TwentyEightWattBad,118.400002,0,0,0,1531975711
T5TwentyEightWattBad,119.5,0,0,0,1531975712
T5TwentyEightWattBad,119.5,0,0,0,1531975714
T5TwentyEightWattBad,120.099998,0,0,0,1531975716
T5TwentyEightWattBad,119.300003,0,0,0,1531975717
T5TwentyEightWattBad,119,0,0,0,1531975719
T5TwentyEightWattBad,118.800003,0,0,0,1531975721
T5TwentyEightWattBad,119.300003,0,0,0,1531975722
T5TwentyEightWattBad,118.900002,0,0,0,1531975724
T5TwentyEightWattBad,118.699997,0,0,0,1531975726
T5TwentyEightWattBad,118.800003,0,0,0,1531975728
T5TwentyEightWattBad,118.699997,0,0,0,1531975729
T5TwentyEightWattBad,119.300003,0,0,0,1531975731
T5TwentyEightWattBad,119.5,0,0,0,1531975733
T5TwentyEightWattBad,120.300003,0,0,0,1531975734
T5TwentyEightWattBad,119.900002,0,0,0,1531975736
T5TwentyEightWattBad,119.199997,0,0,0,1531975738
T5TwentyEightWattBad,120.300003,0,0,0,1531975739
T5TwentyEightWattBad,119.699997,0,0,0,1531975741
T5TwentyEightWattBad,118.900002,0,0,0,1531975743
T5TwentyEightWattBad,119.900002,0,0,0,1531975744
T5TwentyEightWattBad,119.400002,0,0,0,1531975746
T5TwentyEightWattBad,119.5,0,0,0,1531975748
T5TwentyEightWattBad,119.099998,0,0,0,1531975750
T5TwentyEightWattBad,119.099998,0,0,0,1531975751
T5TwentyEightWattBad,119.599998,0,0,0,1531975753
T5TwentyEightWattBad,119.5,0,0,0,1531975755
T5TwentyEightWattBad,120.300003,0,0,0,1531975756
T5TwentyEightWattBad,119.400002,0,0,0,1531975758
T5TwentyEightWattBad,119,0,0,0,1531975760
T5TwentyEightWattBad,118.599998,0,0,0,1531975761
T5TwentyEightWattBad,118.800003,0,0,0,1531975763
T5TwentyEightWattBad,118.900002,0,0,0,1531975765
T5TwentyEightWattBad,119.699997,0,0,0,1531975766
T5TwentyEightWattBad,119.5,0,0,0,1531975768
T5TwentyEightWattBad,119.400002,0,0,0,1531975770
T5TwentyEightWattBad,119.5,0,0,0,1531975771
T5TwentyEightWattBad,119.699997,0,0,0,1531975773
T5TwentyEightWattBad,119,0,0,0,1531975775
T5TwentyEightWattBad,119.199997,0,0,0,1531975776
T5TwentyEightWattBad,120.199997,0,0,0,1531975778
T5TwentyEightWattBad,119.800003,0,0,0,1531975780
T5TwentyEightWattBad,119.5,0,0,0,1531975781
T5TwentyEightWattBad,119.199997,0,0,0,1531975783
T5TwentyEightWattBad,119.099998,0,0,0,1531975785
T5TwentyEightWattBad,119.900002,0,0,0,1531975786
T5TwentyEightWattBad,119.599998,0,0,0,1531975788
T5TwentyEightWattBad,119,0,0,0,1531975790
T5TwentyEightWattBad,119,0,0,0,1531975791
T5TwentyEightWattBad,118.800003,0,0,0,1531975793
T5TwentyEightWattBad,118.199997,0,0,0,1531975795
T5TwentyEightWattBad,118.800003,0,0,0,1531975797
T5TwentyEightWattBad,120,0,0,0,1531975798
T5TwentyEightWattBad,119.900002,0,0,0,1531975800
T5TwentyEightWattBad,119.199997,0,0,0,1531975802
T5TwentyEightWattBad,118.800003,0,0,0,1531975803
T5TwentyEightWattBad,119.300003,0,0,0,1531975805
T5TwentyEightWattBad,119.300003,0,0,0,1531975807
T5TwentyEightWattBad,119.5,0,0,0,1531975808
T5TwentyEightWattBad,119.099998,0,0,0,1531975810
T5TwentyEightWattBad,119.300003,0,0,0,1531975812
T5TwentyEightWattBad,118.699997,0,0,0,1531975813
T5TwentyEightWattBad,118.800003,0,0,0,1531975815
T5TwentyEightWattBad,118.5,0,0,0,1531975817
T5TwentyEightWattBad,119.099998,0,0,0,1531975818
T5TwentyEightWattBad,120.099998,0,0,0,1531975820
T5TwentyEightWattBad,119.599998,0,0,0,1531975822
T5TwentyEightWattBad,118.099998,0,0,0,1531975823
T5TwentyEightWattBad,118.599998,0,0,0,1531975825
T5TwentyEightWattBad,119.099998,0,0,0,1531975827
T5TwentyEightWattBad,119.300003,0,0,0,1531975828
T5TwentyEightWattBad,119.300003,0,0,0,1531975830
T5TwentyEightWattBad,118.800003,0,0,0,1531975832
T5TwentyEightWattBad,118.900002,0,0,0,1531975833
T5TwentyEightWattBad,119.5,0,0,0,1531975835
T5TwentyEightWattBad,119.5,0,0,0,1531975837
T5TwentyEightWattBad,118.599998,0,0,0,1531975838
T5TwentyEightWattBad,119.699997,0,0,0,1531975840
T5TwentyEightWattBad,119.599998,0,0,0,1531975842
T5TwentyEightWattBad,119.699997,0,0,0,1531975843
T5TwentyEightWattBad,118.599998,0,0,0,1531975845
T5TwentyEightWattBad,118.900002,0,0,0,1531975847
T5TwentyEightWattBad,118.599998,0,0,0,1531975848
T5TwentyEightWattBad,117.900002,0,0,0,1531975850
T5TwentyEightWattBad,118.800003,0,0,0,1531975852
T5TwentyEightWattBad,118.800003,0,0,0,1531975853
T5TwentyEightWattBad,118,0,0,0,1531975855
T5TwentyEightWattBad,117.900002,0,0,0,1531975857
T5TwentyEightWattBad,118.599998,0,0,0,1531975858
T5TwentyEightWattBad,119.400002,0,0,0,1531975860
T5TwentyEightWattBad,120.099998,0,0,0,1531975862
T5TwentyEightWattBad,118.599998,0,0,0,1531975863
T5TwentyEightWattBad,118.5,0,0,0,1531975865
T5TwentyEightWattBad,118,0,0,0,1531975867
T5TwentyEightWattBad,118.699997,0,0,0,1531975868
T5TwentyEightWattBad,118.900002,0,0,0,1531975870
T5TwentyEightWattBad,118.800003,0,0,0,1531975872
T5TwentyEightWattBad,119.599998,0,0,0,1531975873
T5TwentyEightWattBad,119.699997,0,0,0,1531975875
T5TwentyEightWattBad,118.800003,0,0,0,1531975877
T5TwentyEightWattBad,118.900002,0,0,0,1531975878
T5TwentyEightWattBad,119.800003,0,0,0,1531975880
T5TwentyEightWattBad,119.099998,0,0,0,1531975881
T5TwentyEightWattBad,119.099998,0,0,0,1531975883
T5TwentyEightWattBad,118.900002,0,0,0,1531975885
T5TwentyEightWattBad,119.199997,0,0,0,1531975886
T5TwentyEightWattBad,119.199997,0,0,0,1531975888
T5TwentyEightWattBad,119,0,0,0,1531975890
T5TwentyEightWattBad,119.400002,0,0,0,1531975891
T5TwentyEightWattBad,117.599998,0,0,0,1531975893
T5TwentyEightWattBad,118.699997,0,0,0,1531975895
T5TwentyEightWattBad,119.5,0,0,0,1531975896
T5TwentyEightWattBad,119.800003,0,0,0,1531975898
T5TwentyEightWattBad,119.400002,0,0,0,1531975900
T5TwentyEightWattBad,118.300003,0,0,0,1531975901
T5TwentyEightWattBad,118.5,0,0,0,1531975903
T5TwentyEightWattBad,118.5,0,0,0,1531975905
T5TwentyEightWattBad,118.099998,0,0,0,1531975906
T5TwentyEightWattBad,118.599998,0,0,0,1531975908
T5TwentyEightWattBad,119.300003,0,0,0,1531975910
T5TwentyEightWattBad,119.099998,0,0,0,1531975911
T5TwentyEightWattBad,118,0,0,0,1531975913
T5TwentyEightWattBad,118.599998,0,0,0,1531975915
T5TwentyEightWattBad,119.800003,0,0,0,1531975916
T5TwentyEightWattBad,119.699997,0,0,0,1531975918
T5TwentyEightWattBad,119.900002,0,0,0,1531975920
T5TwentyEightWattBad,119,0,0,0,1531975922
T5TwentyEightWattBad,118.099998,0,0,0,1531975923
T5TwentyEightWattBad,119.099998,0,0,0,1531975925
T5TwentyEightWattBad,119.699997,0,0,0,1531975927
T5TwentyEightWattBad,119.599998,0,0,0,1531975928
T5TwentyEightWattBad,118.800003,0,0,0,1531975930
T5TwentyEightWattBad,118.300003,0,0,0,1531975932
T5TwentyEightWattBad,119.5,0,0,0,1531975933
T5TwentyEightWattBad,119.699997,0,0,0,1531975935
T5TwentyEightWattBad,119,0,0,0,1531975937
T5TwentyEightWattBad,119.400002,0,0,0,1531975938
T5TwentyEightWattBad,118.699997,0,0,0,1531975940
T5TwentyEightWattBad,118.699997,0,0,0,1531975942
T5TwentyEightWattBad,118.699997,0,0,0,1531975943
T5TwentyEightWattBad,118.599998,0,0,0,1531975945
T5TwentyEightWattBad,119,0,0,0,1531975947
T5TwentyEightWattBad,120,0,0,0,1531975948
T5TwentyEightWattBad,119.400002,0,0,0,1531975950
T5TwentyEightWattBad,119.300003,0,0,0,1531975952
T5TwentyEightWattBad,119.699997,0,0,0,1531975953
T5TwentyEightWattBad,118.800003,0,0,0,1531975955
T5TwentyEightWattBad,118.5,0,0,0,1531975957
T5TwentyEightWattBad,119.400002,0,0,0,1531975958
T5TwentyEightWattBad,119.199997,0,0,0,1531975960
T5TwentyEightWattBad,119.900002,0,0,0,1531975962
T5TwentyEightWattBad,119.800003,0,0,0,1531975963
T5TwentyEightWattBad,118.599998,0,0,0,1531975965
T5TwentyEightWattBad,118,0,0,0,1531975967
T5TwentyEightWattBad,118.900002,0,0,0,1531975968
T5TwentyEightWattBad,118.900002,0,0,0,1531975970
T5TwentyEightWattBad,119,0,0,0,1531975972
T5TwentyEightWattBad,118.900002,0,0,0,1531975973
T5TwentyEightWattBad,119.300003,0,0,0,1531975975
T5TwentyEightWattBad,119.900002,0,0,0,1531975977
T5TwentyEightWattBad,119.300003,0,0,0,1531975978
T5TwentyEightWattBad,118.400002,0,0,0,1531975980
T5TwentyEightWattBad,119,0,0,0,1531975982
T5TwentyEightWattBad,118.599998,0,0,0,1531975983
T5TwentyEightWattBad,117.900002,0,0,0,1531975985
T5TwentyEightWattBad,117.800003,0,0,0,1531975987
T5TwentyEightWattBad,118,0,0,0,1531975988
T5TwentyEightWattBad,118.199997,0,0,0,1531975990
T5TwentyEightWattBad,118.800003,0,0,0,1531975992
T5TwentyEightWattBad,119.699997,0,0,0,1531975993
T5TwentyEightWattBad,119.599998,0,0,0,1531975995
T5TwentyEightWattBad,120,0,0,0,1531975997
T5TwentyEightWattBad,118.699997,0,0,0,1531975998
T5TwentyEightWattBad,119.099998,0,0,0,1531976000
T5TwentyEightWattBad,119,0,0,0,1531976002
T5TwentyEightWattBad,119.699997,0,0,0,1531976003
T5TwentyEightWattBad,120,0,0,0,1531976005
T5TwentyEightWattBad,119.800003,0,0,0,1531976007
T5TwentyEightWattBad,119.800003,0,0,0,1531976008
T5TwentyEightWattBad,119.800003,0,0,0,1531976010
T5TwentyEightWattBad,120.199997,0,0,0,1531976012
T5TwentyEightWattBad,118.699997,0,0,0,1531976013
T5TwentyEightWattBad,119,0,0,0,1531976015
T5TwentyEightWattBad,119.199997,0,0,0,1531976017
T5TwentyEightWattBad,119,0,0,0,1531976018
T5TwentyEightWattBad,119.400002,0,0,0,1531976020
T5TwentyEightWattBad,119.199997,0,0,0,1531976022
T5TwentyEightWattBad,118.699997,0,0,0,1531976023
T5TwentyEightWattBad,118.800003,0,0,0,1531976025
T5TwentyEightWattBad,119.5,0,0,0,1531976027
T5TwentyEightWattBad,119.699997,0,0,0,1531976028
T5TwentyEightWattBad,118.900002,0,0,0,1531976030
T5TwentyEightWattBad,118.400002,0,0,0,1531976032
T5TwentyEightWattBad,118.599998,0,0,0,1531976033
T5TwentyEightWattBad,118.199997,0,0,0,1531976035
T5TwentyEightWattBad,118.5,0,0,0,1531976037
T5TwentyEightWattBad,119.699997,0,0,0,1531976038
T5TwentyEightWattBad,119.599998,0,0,0,1531976040
T5TwentyEightWattBad,119,0,0,0,1531976042
T5TwentyEightWattBad,118.599998,0,0,0,1531976043
T5TwentyEightWattBad,118.900002,0,0,0,1531976045
T5TwentyEightWattBad,119,0,0,0,1531976047
T5TwentyEightWattBad,118.5,0,0,0,1531976048
T5TwentyEightWattBad,119.900002,0,0,0,1531976050
T5TwentyEightWattBad,120,0,0,0,1531976052
T5TwentyEightWattBad,119.699997,0,0,0,1531976053
T5TwentyEightWattBad,119.300003,0,0,0,1531976055
T5TwentyEightWattBad,119.5,0,0,0,1531976057
T5TwentyEightWattBad,119.099998,0,0,0,1531976058
T5TwentyEightWattBad,118.800003,0,0,0,1531976060
T5TwentyEightWattBad,119.400002,0,0,0,1531976062
T5TwentyEightWattBad,119.699997,0,0,0,1531976063
T5TwentyEightWattBad,119.400002,0,0,0,1531976065
T5TwentyEightWattBad,119.5,0,0,0,1531976067
T5TwentyEightWattBad,118.699997,0,0,0,1531976068
T5TwentyEightWattBad,119.400002,0,0,0,1531976070
T5TwentyEightWattBad,120.400002,0,0,0,1531976072
T5TwentyEightWattBad,119.300003,0,0,0,1531976073
T5TwentyEightWattBad,118.900002,0,0,0,1531976075
T5TwentyEightWattBad,119.5,0,0,0,1531976077
T5TwentyEightWattBad,119.300003,0,0,0,1531976079
T5TwentyEightWattBad,119.699997,0,0,0,1531976080
T5TwentyEightWattBad,119.199997,0,0,0,1531976082
T5TwentyEightWattBad,118.5,0,0,0,1531976084
T5TwentyEightWattBad,119.5,0,0,0,1531976085
T5TwentyEightWattBad,120.199997,0,0,0,1531976087
T5TwentyEightWattBad,119.800003,0,0,0,1531976089
T5TwentyEightWattBad,119,0,0,0,1531976090
T5TwentyEightWattBad,118.900002,0,0,0,1531976092
T5TwentyEightWattBad,118.599998,0,0,0,1531976093
T5TwentyEightWattBad,119.400002,0,0,0,1531976095
T5TwentyEightWattBad,119.699997,0,0,0,1531976097
T5TwentyEightWattBad,119.199997,0,0,0,1531976098
T5TwentyEightWattBad,119.099998,0,0,0,1531976100
T5TwentyEightWattBad,118.699997,0,0,0,1531976102
T5TwentyEightWattBad,119.099998,0,0,0,1531976103
T5TwentyEightWattBad,118.199997,0,0,0,1531976105
T5TwentyEightWattBad,118.599998,0,0,0,1531976107
T5TwentyEightWattBad,118.800003,0,0,0,1531976108
T5TwentyEightWattBad,118,0,0,0,1531976110
T5TwentyEightWattBad,118,0,0,0,1531976112
T5TwentyEightWattBad,118.599998,0,0,0,1531976113
T5TwentyEightWattBad,119.199997,0,0,0,1531976115
T5TwentyEightWattBad,119.900002,0,0,0,1531976117
T5TwentyEightWattBad,119.5,0,0,0,1531976118
T5TwentyEightWattBad,119,0,0,0,1531976120
T5TwentyEightWattBad,119.900002,0,0,0,1531976122
T5TwentyEightWattBad,118.800003,0,0,0,1531976124
T5TwentyEightWattBad,118.300003,0,0,0,1531976125
T5TwentyEightWattBad,117.599998,0,0,0,1531976127
T5TwentyEightWattBad,117.699997,0,0,0,1531976129
T5TwentyEightWattBad,118.5,0,0,0,1531976131
T5TwentyEightWattBad,119.5,0,0,0,1531976133
T5TwentyEightWattBad,120.599998,0,0,0,1531976134
T5TwentyEightWattBad,119.5,0,0,0,1531976136
T5TwentyEightWattBad,119.5,0,0,0,1531976138
T5TwentyEightWattBad,120.5,0,0,0,1531976139
T5TwentyEightWattBad,119.400002,0,0,0,1531976141
T5TwentyEightWattBad,118.599998,0,0,0,1531976143
T5TwentyEightWattBad,118,0,0,0,1531976144
T5TwentyEightWattBad,118.300003,0,0,0,1531976146
T5TwentyEightWattBad,118.400002,0,0,0,1531976148
T5TwentyEightWattBad,118.900002,0,0,0,1531976149
T5TwentyEightWattBad,118.5,0,0,0,1531976151
T5TwentyEightWattBad,119.099998,0,0,0,1531976152
T5TwentyEightWattBad,119.400002,0,0,0,1531976154
T5TwentyEightWattBad,119.400002,0,0,0,1531976156
T5TwentyEightWattBad,119.599998,0,0,0,1531976157
T5TwentyEightWattBad,118.699997,0,0,0,1531976159
T5TwentyEightWattBad,118.699997,0,0,0,1531976161
T5TwentyEightWattBad,119.5,0,0,0,1531976162
T5TwentyEightWattBad,119.199997,0,0,0,1531976164
T5TwentyEightWattBad,119.099998,0,0,0,1531976166
T5TwentyEightWattBad,118.800003,0,0,0,1531976167
T5TwentyEightWattBad,118.800003,0,0,0,1531976169
T5TwentyEightWattBad,118.800003,0,0,0,1531976171
T5TwentyEightWattBad,118.699997,0,0,0,1531976173
T5TwentyEightWattBad,118.5,0,0,0,1531976174
T5TwentyEightWattBad,118.400002,0,0,0,1531976176
T5TwentyEightWattBad,118.699997,0,0,0,1531976178
T5TwentyEightWattBad,119,0,0,0,1531976179
T5TwentyEightWattBad,118.300003,0,0,0,1531976181
T5TwentyEightWattBad,118,0,0,0,1531976183
T5TwentyEightWattBad,118,0,0,0,1531976184
T5TwentyEightWattBad,118,0,0,0,1531976186
T5TwentyEightWattBad,118.800003,0,0,0,1531976188
T5TwentyEightWattBad,118.5,0,0,0,1531976189
T5TwentyEightWattBad,118.900002,0,0,0,1531976191
T5TwentyEightWattBad,118.900002,0,0,0,1531976193
T5TwentyEightWattBad,118.400002,0,0,0,1531976194
T5TwentyEightWattBad,118.800003,0,0,0,1531976196
T5TwentyEightWattBad,119.099998,0,0,0,1531976198
T5TwentyEightWattBad,119.699997,0,0,0,1531976199
T5TwentyEightWattBad,119.800003,0,0,0,1531976201
T5TwentyEightWattBad,119.400002,0,0,0,1531976203
T5TwentyEightWattBad,117.699997,0,0,0,1531976204
T5TwentyEightWattBad,117.400002,0,0,0,1531976206
T5TwentyEightWattBad,117.900002,0,0,0,1531976208
T5TwentyEightWattBad,118.599998,0,0,0,1531976209
T5TwentyEightWattBad,119.400002,0,0,0,1531976211
T5TwentyEightWattBad,119.599998,0,0,0,1531976213
T5TwentyEightWattBad,117.900002,0,0,0,1531976214
T5TwentyEightWattBad,118,0,0,0,1531976216
T5TwentyEightWattBad,119.400002,0,0,0,1531976218
T5TwentyEightWattBad,120,0,0,0,1531976219
T5TwentyEightWattBad,120.199997,0,0,0,1531976221
T5TwentyEightWattBad,119.5,0,0,0,1531976223
T5TwentyEightWattBad,117.699997,0,0,0,1531976224
T5TwentyEightWattBad,118.099998,0,0,0,1531976226
T5TwentyEightWattBad,119.099998,0,0,0,1531976228
T5TwentyEightWattBad,119.400002,0,0,0,1531976229
T5TwentyEightWattBad,119.5,0,0,0,1531976231
T5TwentyEightWattBad,118.300003,0,0,0,1531976233
T5TwentyEightWattBad,119.099998,0,0,0,1531976234
T5TwentyEightWattBad,118.800003,0,0,0,1531976236
T5TwentyEightWattBad,118.5,0,0,0,1531976238
T5TwentyEightWattBad,118.699997,0,0,0,1531976239
T5TwentyEightWattBad,118.599998,0,0,0,1531976241
T5TwentyEightWattBad,118.199997,0,0,0,1531976243
T5TwentyEightWattBad,119.300003,0,0,0,1531976244
T5TwentyEightWattBad,118.699997,0,0,0,1531976246
T5TwentyEightWattBad,118.599998,0,0,0,1531976248
T5TwentyEightWattBad,119.199997,0,0,0,1531976249
T5TwentyEightWattBad,119.199997,0,0,0,1531976251
T5TwentyEightWattBad,119.599998,0,0,0,1531976253
T5TwentyEightWattBad,118.800003,0,0,0,1531976254
T5TwentyEightWattBad,118.199997,0,0,0,1531976256
T5TwentyEightWattBad,117.900002,0,0,0,1531976258
T5TwentyEightWattBad,118.800003,0,0,0,1531976259
T5TwentyEightWattBad,119,0,0,0,1531976261
T5TwentyEightWattBad,119.199997,0,0,0,1531976263
T5TwentyEightWattBad,119.400002,0,0,0,1531976264
T5TwentyEightWattBad,119.699997,0,0,0,1531976266
T5TwentyEightWattBad,119.800003,0,0,0,1531976268
T5TwentyEightWattBad,119.099998,0,0,0,1531976269
T5TwentyEightWattBad,118.800003,0,0,0,1531976271
T5TwentyEightWattBad,118.599998,0,0,0,1531976273
T5TwentyEightWattBad,120,0,0,0,1531976274
T5TwentyEightWattBad,119.900002,0,0,0,1531976276
T5TwentyEightWattBad,119.199997,0,0,0,1531976278
T5TwentyEightWattBad,118.699997,0,0,0,1531976279
T5TwentyEightWattBad,118.800003,0,0,0,1531976281
T5TwentyEightWattBad,119,0,0,0,1531976283
T5TwentyEightWattBad,119.699997,0,0,0,1531976284
T5TwentyEightWattBad,119.800003,0,0,0,1531976286
T5TwentyEightWattBad,119.199997,0,0,0,1531976288
T5TwentyEightWattBad,118.400002,0,0,0,1531976289
T5TwentyEightWattBad,118.5,0,0,0,1531976291
T5TwentyEightWattBad,118.699997,0,0,0,1531976293
T5TwentyEightWattBad,119,0,0,0,1531976294
T5TwentyEightWattBad,118.300003,0,0,0,1531976296
T5TwentyEightWattBad,118.900002,0,0,0,1531976298
T5TwentyEightWattBad,119.5,0,0,0,1531976299
T5TwentyEightWattBad,119,0,0,0,1531976301
T5TwentyEightWattBad,118.800003,0,0,0,1531976303
T5TwentyEightWattBad,118.099998,0,0,0,1531976304
T5TwentyEightWattBad,118.099998,0,0,0,1531976306
T5TwentyEightWattBad,119.099998,0,0,0,1531976308
T5TwentyEightWattBad,119.400002,0,0,0,1531976309
T5TwentyEightWattBad,119,0,0,0,1531976311
T5TwentyEightWattBad,118.900002,0,0,0,1531976313
T5TwentyEightWattBad,118.300003,0,0,0,1531976314
T5TwentyEightWattBad,118.5,0,0,0,1531976316
T5TwentyEightWattBad,118.599998,0,0,0,1531976318
T5TwentyEightWattBad,119,0,0,0,1531976319
T5TwentyEightWattBad,119,0,0,0,1531976321
T5TwentyEightWattBad,118.900002,0,0,0,1531976323
T5TwentyEightWattBad,118.900002,0,0,0,1531976324
T5TwentyEightWattBad,119,0,0,0,1531976326
T5TwentyEightWattBad,118.800003,0,0,0,1531976328
T5TwentyEightWattBad,118.5,0,0,0,1531976329
T5TwentyEightWattBad,118.099998,0,0,0,1531976331
T5TwentyEightWattBad,118,0,0,0,1531976333
T5TwentyEightWattBad,118.5,0,0,0,1531976334
T5TwentyEightWattBad,118.900002,0,0,0,1531976336
T5TwentyEightWattBad,118.599998,0,0,0,1531976338
T5TwentyEightWattBad,117.699997,0,0,0,1531976339
T5TwentyEightWattBad,117.800003,0,0,0,1531976341
T5TwentyEightWattBad,117.900002,0,0,0,1531976343
T5TwentyEightWattBad,118.300003,0,0,0,1531976344
T5TwentyEightWattBad,118.5,0,0,0,1531976346
T5TwentyEightWattBad,118.400002,0,0,0,1531976348
T5TwentyEightWattBad,118.400002,0,0,0,1531976349
T5TwentyEightWattBad,119.199997,0,0,0,1531976351
T5TwentyEightWattBad,119.199997,0,0,0,1531976353
T5TwentyEightWattBad,119,0,0,0,1531976354
T5TwentyEightWattBad,119.400002,0,0,0,1531976356
T5TwentyEightWattBad,118.900002,0,0,0,1531976358
T5TwentyEightWattBad,118.5,0,0,0,1531976360
T5TwentyEightWattBad,119.099998,0,0,0,1531976361
T5TwentyEightWattBad,119.699997,0,0,0,1531976363
T5TwentyEightWattBad,118.800003,0,0,0,1531976365
T5TwentyEightWattBad,119.400002,0,0,0,1531976366
T5TwentyEightWattBad,118.900002,0,0,0,1531976368
T5TwentyEightWattBad,118.400002,0,0,0,1531976370
T5TwentyEightWattBad,119.800003,0,0,0,1531976371
T5TwentyEightWattBad,118.900002,0,0,0,1531976373
T5TwentyEightWattBad,118.199997,0,0,0,1531976375
T5TwentyEightWattBad,119.099998,0,0,0,1531976376
T5TwentyEightWattBad,119.099998,0,0,0,1531976378
T5TwentyEightWattBad,119,0,0,0,1531976380
T5TwentyEightWattBad,118.800003,0,0,0,1531976381
T5TwentyEightWattBad,118.900002,0,0,0,1531976383
T5TwentyEightWattBad,119,0,0,0,1531976385
T5TwentyEightWattBad,119.099998,0,0,0,1531976386
T5TwentyEightWattBad,118.400002,0,0,0,1531976388
T5TwentyEightWattBad,118.199997,0,0,0,1531976390
T5TwentyEightWattBad,118.800003,0,0,0,1531976391
T5TwentyEightWattBad,118.099998,0,0,0,1531976393
T5TwentyEightWattBad,117.800003,0,0,0,1531976395
T5TwentyEightWattBad,118.300003,0,0,0,1531976396
T5TwentyEightWattBad,118.5,0,0,0,1531976398
T5TwentyEightWattBad,118.300003,0,0,0,1531976400
T5TwentyEightWattBad,118.300003,0,0,0,1531976401
T5TwentyEightWattBad,117.900002,0,0,0,1531976403
T5TwentyEightWattBad,117.699997,0,0,0,1531976405
T5TwentyEightWattBad,118.900002,0,0,0,1531976406
T5TwentyEightWattBad,119,0,0,0,1531976408
T5TwentyEightWattBad,118.599998,0,0,0,1531976410
T5TwentyEightWattBad,118.400002,0,0,0,1531976411
T5TwentyEightWattBad,119.199997,0,0,0,1531976413
T5TwentyEightWattBad,119.400002,0,0,0,1531976415
T5TwentyEightWattBad,118.599998,0,0,0,1531976416
T5TwentyEightWattBad,118.800003,0,0,0,1531976418
T5TwentyEightWattBad,118.900002,0,0,0,1531976420
T5TwentyEightWattBad,119.099998,0,0,0,1531976421
T5TwentyEightWattBad,119.300003,0,0,0,1531976423
T5TwentyEightWattBad,118.699997,0,0,0,1531976425
T5TwentyEightWattBad,117.900002,0,0,0,1531976426
T5TwentyEightWattBad,118.300003,0,0,0,1531976428
T5TwentyEightWattBad,119.199997,0,0,0,1531976430
T5TwentyEightWattBad,118.400002,0,0,0,1531976431
T5TwentyEightWattBad,118.5,0,0,0,1531976433
T5TwentyEightWattBad,119,0,0,0,1531976435
T5TwentyEightWattBad,119,0,0,0,1531976436
T5TwentyEightWattBad,119.199997,0,0,0,1531976438
T5TwentyEightWattBad,120.199997,0,0,0,1531976440
T5TwentyEightWattBad,119.199997,0,0,0,1531976441
T5TwentyEightWattBad,118.199997,0,0,0,1531976443
T5TwentyEightWattBad,118.099998,0,0,0,1531976445
T5TwentyEightWattBad,118.800003,0,0,0,1531976446
T5TwentyEightWattBad,118.599998,0,0,0,1531976448
T5TwentyEightWattBad,118.800003,0,0,0,1531976450
T5TwentyEightWattBad,117.800003,0,0,0,1531976451
T5TwentyEightWattBad,117.300003,0,0,0,1531976453
T5TwentyEightWattBad,117.599998,0,0,0,1531976455
T5TwentyEightWattBad,117.5,0,0,0,1531976456
T5TwentyEightWattBad,117.800003,0,0,0,1531976458
T5TwentyEightWattBad,118.300003,0,0,0,1531976460
T5TwentyEightWattBad,118.599998,0,0,0,1531976461
T5TwentyEightWattBad,118.099998,0,0,0,1531976463
T5TwentyEightWattBad,117.099998,0,0,0,1531976465
T5TwentyEightWattBad,118.699997,0,0,0,1531976466
T5TwentyEightWattBad,119,0,0,0,1531976468
T5TwentyEightWattBad,118.099998,0,0,0,1531976470
T5TwentyEightWattBad,119,0,0,0,1531976471
T5TwentyEightWattBad,119.099998,0,0,0,1531976473
T5TwentyEightWattBad,119.199997,0,0,0,1531976475
T5TwentyEightWattBad,118.699997,0,0,0,1531976476
T5TwentyEightWattBad,118.099998,0,0,0,1531976478
T5TwentyEightWattBad,119,0,0,0,1531976480
T5TwentyEightWattBad,118.300003,0,0,0,1531976481
T5TwentyEightWattBad,118.5,0,0,0,1531976483
T5TwentyEightWattBad,118.599998,0,0,0,1531976485
T5TwentyEightWattBad,118.099998,0,0,0,1531976487
T5TwentyEightWattBad,117.800003,0,0,0,1531976488
T5TwentyEightWattBad,118.099998,0,0,0,1531976490
T5TwentyEightWattBad,117.800003,0,0,0,1531976492
T5TwentyEightWattBad,118.5,0,0,0,1531976494
T5TwentyEightWattBad,118.300003,0,0,0,1531976496
T5TwentyEightWattBad,118.400002,0,0,0,1531976497
T5TwentyEightWattBad,118.400002,0,0,0,1531976499
T5TwentyEightWattBad,118.400002,0,0,0,1531976501
T5TwentyEightWattBad,117.900002,0,0,0,1531976503
T5TwentyEightWattBad,118,0,0,0,1531976504
T5TwentyEightWattBad,119.099998,0,0,0,1531976506
T5TwentyEightWattBad,118.900002,0,0,0,1531976508
T5TwentyEightWattBad,118.099998,0,0,0,1531976509
T5TwentyEightWattBad,118.699997,0,0,0,1531976511
T5TwentyEightWattBad,119.199997,0,0,0,1531976513
T5TwentyEightWattBad,118.900002,0,0,0,1531976514
T5TwentyEightWattBad,118.5,0,0,0,1531976516
T5TwentyEightWattBad,119.099998,0,0,0,1531976518
T5TwentyEightWattBad,118.300003,0,0,0,1531976520
T5TwentyEightWattBad,117.599998,0,0,0,1531976521
T5TwentyEightWattBad,117.400002,0,0,0,1531976523
T5TwentyEightWattBad,117.800003,0,0,0,1531976525
T5TwentyEightWattBad,117.900002,0,0,0,1531976526
T5TwentyEightWattBad,117.900002,0,0,0,1531976528
T5TwentyEightWattBad,118.599998,0,0,0,1531976530
T5TwentyEightWattBad,118.300003,0,0,0,1531976531
T5TwentyEightWattBad,117.800003,0,0,0,1531976533
T5TwentyEightWattBad,117.900002,0,0,0,1531976535
T5TwentyEightWattBad,118.699997,0,0,0,1531976536
T5TwentyEightWattBad,118.5,0,0,0,1531976538
T5TwentyEightWattBad,118.099998,0,0,0,1531976540
T5TwentyEightWattBad,118.300003,0,0,0,1531976541
T5TwentyEightWattBad,119.199997,0,0,0,1531976543
T5TwentyEightWattBad,118.300003,0,0,0,1531976544
T5TwentyEightWattBad,117.300003,0,0,0,1531976546
T5TwentyEightWattBad,117.5,0,0,0,1531976548
T5TwentyEightWattBad,117.5,0,0,0,1531976550
T5TwentyEightWattBad,116.699997,0,0,0,1531976551
T5TwentyEightWattBad,117.400002,0,0,0,1531976553
T5TwentyEightWattBad,117.699997,0,0,0,1531976555
T5TwentyEightWattBad,117.900002,0,0,0,1531976556
T5TwentyEightWattBad,117.800003,0,0,0,1531976558
T5TwentyEightWattBad,117.400002,0,0,0,1531976560
T5TwentyEightWattBad,117.699997,0,0,0,1531976561
T5TwentyEightWattBad,118.199997,0,0,0,1531976563
T5TwentyEightWattBad,118.699997,0,0,0,1531976565
T5TwentyEightWattBad,117.099998,0,0,0,1531976566
T5TwentyEightWattBad,116.900002,0,0,0,1531976568
T5TwentyEightWattBad,117.599998,0,0,0,1531976569
T5TwentyEightWattBad,117.599998,0,0,0,1531976571
T5TwentyEightWattBad,117.599998,0,0,0,1531976573
T5TwentyEightWattBad,117.199997,0,0,0,1531976574
T5TwentyEightWattBad,116.800003,0,0,0,1531976576
T5TwentyEightWattBad,116.900002,0,0,0,1531976578
T5TwentyEightWattBad,117.5,0,0,0,1531976579
T5TwentyEightWattBad,118.699997,0,0,0,1531976581
T5TwentyEightWattBad,118.800003,0,0,0,1531976583
T5TwentyEightWattBad,118.099998,0,0,0,1531976584
T5TwentyEightWattBad,117.699997,0,0,0,1531976586
T5TwentyEightWattBad,117.800003,0,0,0,1531976588
T5TwentyEightWattBad,117.300003,0,0,0,1531976589
T5TwentyEightWattBad,117.300003,0,0,0,1531976591
T5TwentyEightWattBad,117.5,0,0,0,1531976593
T5TwentyEightWattBad,117.400002,0,0,0,1531976594
T5TwentyEightWattBad,117.099998,0,0,0,1531976596
T5TwentyEightWattBad,117.400002,0,0,0,1531976598
T5TwentyEightWattBad,117.699997,0,0,0,1531976599
T5TwentyEightWattBad,116.800003,0,0,0,1531976601
T5TwentyEightWattBad,117.699997,0,0,0,1531976603
T5TwentyEightWattBad,118.300003,0,0,0,1531976604
T5TwentyEightWattBad,117.300003,0,0,0,1531976606
T5TwentyEightWattBad,116.900002,0,0,0,1531976608
T5TwentyEightWattBad,117.5,0,0,0,1531976610
T5TwentyEightWattBad,117.5,0,0,0,1531976611
T5TwentyEightWattBad,117.400002,0,0,0,1531976613
T5TwentyEightWattBad,117.199997,0,0,0,1531976615
T5TwentyEightWattBad,117.199997,0,0,0,1531976616
T5TwentyEightWattBad,116.699997,0,0,0,1531976618
T5TwentyEightWattBad,117.099998,0,0,0,1531976620
T5TwentyEightWattBad,116.199997,0,0,0,1531976621
T5TwentyEightWattBad,116.699997,0,0,0,1531976623
T5TwentyEightWattBad,117.699997,0,0,0,1531976625
T5TwentyEightWattBad,117.699997,0,0,0,1531976626
T5TwentyEightWattBad,118.300003,0,0,0,1531976628
T5TwentyEightWattBad,118.199997,0,0,0,1531976630
T5TwentyEightWattBad,118.199997,0,0,0,1531976631
T5TwentyEightWattBad,117.800003,0,0,0,1531976633
T5TwentyEightWattBad,117.699997,0,0,0,1531976635
T5TwentyEightWattBad,118.300003,0,0,0,1531976636
T5TwentyEightWattBad,117.900002,0,0,0,1531976638
T5TwentyEightWattBad,118.099998,0,0,0,1531976640
T5TwentyEightWattBad,118.5,0,0,0,1531976641
T5TwentyEightWattBad,118.5,0,0,0,1531976643
T5TwentyEightWattBad,117.800003,0,0,0,1531976645
T5TwentyEightWattBad,116.300003,0,0,0,1531976646
T5TwentyEightWattBad,116.699997,0,0,0,1531976648
T5TwentyEightWattBad,117.800003,0,0,0,1531976650
T5TwentyEightWattBad,118.599998,0,0,0,1531976651
T5TwentyEightWattBad,118.300003,0,0,0,1531976653
T5TwentyEightWattBad,117.800003,0,0,0,1531976655
T5TwentyEightWattBad,117.5,0,0,0,1531976656
T5TwentyEightWattBad,117.900002,0,0,0,1531976658
T5TwentyEightWattBad,118.400002,0,0,0,1531976660
T5TwentyEightWattBad,117.900002,0,0,0,1531976661
T5TwentyEightWattBad,117.699997,0,0,0,1531976663
T5TwentyEightWattBad,118.199997,0,0,0,1531976665
T5TwentyEightWattBad,118,0,0,0,1531976666
T5TwentyEightWattBad,117.099998,0,0,0,1531976668
T5TwentyEightWattBad,116.800003,0,0,0,1531976670
T5TwentyEightWattBad,117.5,0,0,0,1531976671
T5TwentyEightWattBad,117.099998,0,0,0,1531976673
T5TwentyEightWattBad,117,0,0,0,1531976675
T5TwentyEightWattBad,117.400002,0,0,0,1531976676
T5TwentyEightWattBad,117.5,0,0,0,1531976678
T5TwentyEightWattBad,117.900002,0,0,0,1531976680
T5TwentyEightWattBad,117.800003,0,0,0,1531976681
T5TwentyEightWattBad,117.599998,0,0,0,1531976683
T5TwentyEightWattBad,117.099998,0,0,0,1531976685
T5TwentyEightWattBad,118.099998,0,0,0,1531976686
T5TwentyEightWattBad,118,0,0,0,1531976688
T5TwentyEightWattBad,117,0,0,0,1531976690
T5TwentyEightWattBad,117.400002,0,0,0,1531976691
T5TwentyEightWattBad,118.199997,0,0,0,1531976693
T5TwentyEightWattBad,117.699997,0,0,0,1531976695
T5TwentyEightWattBad,116.099998,0,0,0,1531976696
T5TwentyEightWattBad,116.300003,0,0,0,1531976698
T5TwentyEightWattBad,116.599998,0,0,0,1531976700
T5TwentyEightWattBad,117.300003,0,0,0,1531976701
T5TwentyEightWattBad,117.099998,0,0,0,1531976703
T5TwentyEightWattBad,116.699997,0,0,0,1531976705
T5TwentyEightWattBad,116.800003,0,0,0,1531976706
T5TwentyEightWattBad,117.099998,0,0,0,1531976708
T5TwentyEightWattBad,117.099998,0,0,0,1531976710
T5TwentyEightWattBad,117.099998,0,0,0,1531976711
T5TwentyEightWattBad,117.400002,0,0,0,1531976713
T5TwentyEightWattBad,117.300003,0,0,0,1531976715
T5TwentyEightWattBad,117.199997,0,0,0,1531976716
T5TwentyEightWattBad,118,0,0,0,1531976718
T5TwentyEightWattBad,118.300003,0,0,0,1531976720
T5TwentyEightWattBad,116.699997,0,0,0,1531976721
T5TwentyEightWattBad,116.099998,0,0,0,1531976723
T5TwentyEightWattBad,116.5,0,0,0,1531976725
T5TwentyEightWattBad,117.300003,0,0,0,1531976726
T5TwentyEightWattBad,116.900002,0,0,0,1531976728
T5TwentyEightWattBad,116.599998,0,0,0,1531976730
T5TwentyEightWattBad,116,0,0,0,1531976731
T5TwentyEightWattBad,116.900002,0,0,0,1531976733
T5TwentyEightWattBad,117.5,0,0,0,1531976735
T5TwentyEightWattBad,116.699997,0,0,0,1531976736
T5TwentyEightWattBad,117.599998,0,0,0,1531976738
T5TwentyEightWattBad,117.800003,0,0,0,1531976740
T5TwentyEightWattBad,118.300003,0,0,0,1531976741
T5TwentyEightWattBad,117.300003,0,0,0,1531976743
T5TwentyEightWattBad,116.599998,0,0,0,1531976745
T5TwentyEightWattBad,117,0,0,0,1531976746
T5TwentyEightWattBad,117.199997,0,0,0,1531976748
T5TwentyEightWattBad,117.199997,0,0,0,1531976750
T5TwentyEightWattBad,117.199997,0,0,0,1531976751
T5TwentyEightWattBad,117.300003,0,0,0,1531976753
T5TwentyEightWattBad,117.099998,0,0,0,1531976755
T5TwentyEightWattBad,116.199997,0,0,0,1531976756
T5TwentyEightWattBad,116.199997,0,0,0,1531976758
T5TwentyEightWattBad,116,0,0,0,1531976760
T5TwentyEightWattBad,117.099998,0,0,0,1531976761
T5TwentyEightWattBad,117.199997,0,0,0,1531976763
T5TwentyEightWattBad,116.800003,0,0,0,1531976765
T5TwentyEightWattBad,116.199997,0,0,0,1531976766
T5TwentyEightWattBad,115.800003,0,0,0,1531976768
T5TwentyEightWattBad,116.800003,0,0,0,1531976770
T5TwentyEightWattBad,116.599998,0,0,0,1531976771
T5TwentyEightWattBad,116.699997,0,0,0,1531976773
T5TwentyEightWattBad,117,0,0,0,1531976775
T5TwentyEightWattBad,116.5,0,0,0,1531976776
T5TwentyEightWattBad,116.199997,0,0,0,1531976778
T5TwentyEightWattBad,117.300003,0,0,0,1531976780
T5TwentyEightWattBad,118.199997,0,0,0,1531976781
T5TwentyEightWattBad,117.699997,0,0,0,1531976783
T5TwentyEightWattBad,117.300003,0,0,0,1531976785
T5TwentyEightWattBad,117.300003,0,0,0,1531976786
T5TwentyEightWattBad,117.599998,0,0,0,1531976788
T5TwentyEightWattBad,117.300003,0,0,0,1531976790
T5TwentyEightWattBad,116.800003,0,0,0,1531976791
T5TwentyEightWattBad,116.900002,0,0,0,1531976793
T5TwentyEightWattBad,116.599998,0,0,0,1531976795
T5TwentyEightWattBad,117.099998,0,0,0,1531976796
T5TwentyEightWattBad,117.699997,0,0,0,1531976798
T5TwentyEightWattBad,117.400002,0,0,0,1531976800
T5TwentyEightWattBad,116.900002,0,0,0,1531976801
T5TwentyEightWattBad,116.800003,0,0,0,1531976803
T5TwentyEightWattBad,116.300003,0,0,0,1531976805
T5TwentyEightWattBad,116.800003,0,0,0,1531976806
T5TwentyEightWattBad,116.699997,0,0,0,1531976808
T5TwentyEightWattBad,116.199997,0,0,0,1531976810
T5TwentyEightWattBad,116.800003,0,0,0,1531976811
T5TwentyEightWattBad,117.5,0,0,0,1531976813
T5TwentyEightWattBad,117.099998,0,0,0,1531976815
T5TwentyEightWattBad,116.300003,0,0,0,1531976816
T5TwentyEightWattBad,115.900002,0,0,0,1531976818
T5TwentyEightWattBad,115.599998,0,0,0,1531976820
T5TwentyEightWattBad,116.599998,0,0,0,1531976821
T5TwentyEightWattBad,116.599998,0,0,0,1531976823
T5TwentyEightWattBad,116.699997,0,0,0,1531976825
T5TwentyEightWattBad,117.300003,0,0,0,1531976826
T5TwentyEightWattBad,117.400002,0,0,0,1531976828
T5TwentyEightWattBad,117.199997,0,0,0,1531976830
T5TwentyEightWattBad,116.800003,0,0,0,1531976832
T5TwentyEightWattBad,116.5,0,0,0,1531976833
T5TwentyEightWattBad,116.400002,0,0,0,1531976835
T5TwentyEightWattBad,116.900002,0,0,0,1531976837
T5TwentyEightWattBad,116.800003,0,0,0,1531976838
T5TwentyEightWattBad,117.300003,0,0,0,1531976840
T5TwentyEightWattBad,117.300003,0,0,0,1531976842
T5TwentyEightWattBad,117.300003,0,0,0,1531976843
T5TwentyEightWattBad,117,0,0,0,1531976845
T5TwentyEightWattBad,116.900002,0,0,0,1531976847
T5TwentyEightWattBad,117.5,0,0,0,1531976849
T5TwentyEightWattBad,117.5,0,0,0,1531976850
T5TwentyEightWattBad,117.900002,0,0,0,1531976852
T5TwentyEightWattBad,117.099998,0,0,0,1531976854
T5TwentyEightWattBad,115.599998,0,0,0,1531976855
T5TwentyEightWattBad,115.800003,0,0,0,1531976857
T5TwentyEightWattBad,117.300003,0,0,0,1531976859
T5TwentyEightWattBad,117.599998,0,0,0,1531976860
T5TwentyEightWattBad,117.099998,0,0,0,1531976862
T5TwentyEightWattBad,117.199997,0,0,0,1531976864
T5TwentyEightWattBad,117.400002,0,0,0,1531976865
T5TwentyEightWattBad,117.300003,0,0,0,1531976867
T5TwentyEightWattBad,116.900002,0,0,0,1531976869
T5TwentyEightWattBad,116,0,0,0,1531976870
T5TwentyEightWattBad,116.900002,0,0,0,1531976872
T5TwentyEightWattBad,117.099998,0,0,0,1531976874
T5TwentyEightWattBad,116.199997,0,0,0,1531976875
T5TwentyEightWattBad,116,0,0,0,1531976877
T5TwentyEightWattBad,116.099998,0,0,0,1531976879
T5TwentyEightWattBad,116.400002,0,0,0,1531976880
T5TwentyEightWattBad,116.5,0,0,0,1531976882
T5TwentyEightWattBad,116.199997,0,0,0,1531976884
T5TwentyEightWattBad,116.199997,0,0,0,1531976885
T5TwentyEightWattBad,116.900002,0,0,0,1531976887
T5TwentyEightWattBad,118.199997,0,0,0,1531976889
T5TwentyEightWattBad,117.699997,0,0,0,1531976890
T5TwentyEightWattBad,116.800003,0,0,0,1531976892
T5TwentyEightWattBad,117,0,0,0,1531976894
T5TwentyEightWattBad,118,0,0,0,1531976895
T5TwentyEightWattBad,118.400002,0,0,0,1531976897
T5TwentyEightWattBad,118.699997,0,0,0,1531976899
T5TwentyEightWattBad,118.300003,0,0,0,1531976900
T5TwentyEightWattBad,118.900002,0,0,0,1531976902
T5TwentyEightWattBad,118.5,0,0,0,1531976904
T5TwentyEightWattBad,117.699997,0,0,0,1531976905
T5TwentyEightWattBad,118,0,0,0,1531976907
T5TwentyEightWattBad,117.900002,0,0,0,1531976909
T5TwentyEightWattBad,118.300003,0,0,0,1531976910
T5TwentyEightWattBad,118.599998,0,0,0,1531976912
T5TwentyEightWattBad,118,0,0,0,1531976914
T5TwentyEightWattBad,117.5,0,0,0,1531976915
T5TwentyEightWattBad,117.099998,0,0,0,1531976917
T5TwentyEightWattBad,117,0,0,0,1531976919
