"id","app_id","v_val","i_val","p_val","pt_val","pf_val","date"
"1",NULL,"119.099998","0.312000","22.000000","0.005672","0.599000","1517901325"
"2",NULL,"119.300003","0.312000","22.000000","0.005672","0.598000","1517901327"
"3",NULL,"120.000000","0.314000","22.000000","0.005672","0.590000","1517901328"
"4",NULL,"119.400002","0.314000","22.000000","0.005672","0.593000","1517901330"
"5",NULL,"118.900002","0.312000","22.000000","0.005672","0.601000","1517901332"
"6",NULL,"118.900002","0.312000","22.000000","0.005672","0.600000","1517901333"
"7",NULL,"119.500000","0.315000","22.000000","0.005672","0.591000","1517901335"
"8",NULL,"119.500000","0.315000","22.000000","0.005672","0.590000","1517901336"
"9",NULL,"118.500000","0.312000","22.000000","0.005672","0.597000","1517901338"
"10",NULL,"119.199997","0.314000","22.000000","0.005672","0.593000","1517901340"
"11",NULL,"119.199997","0.315000","22.000000","0.005672","0.591000","1517901341"
"12",NULL,"119.099998","0.315000","22.000000","0.005672","0.590000","1517901343"
"13",NULL,"118.900002","0.314000","22.000000","0.005672","0.594000","1517901344"
"14",NULL,"117.500000","0.310000","22.000000","0.005672","0.607000","1517901346"
"15",NULL,"117.300003","0.309000","22.000000","0.005672","0.610000","1517901347"
"16",NULL,"117.699997","0.310000","22.000000","0.005672","0.605000","1517901349"
"17",NULL,"117.400002","0.308000","22.000000","0.005672","0.614000","1517901351"
"18",NULL,"117.300003","0.308000","22.000000","0.005672","0.615000","1517901352"
"19",NULL,"118.199997","0.307000","22.000000","0.005672","0.611000","1517901354"
"20",NULL,"118.400002","0.308000","22.000000","0.005672","0.609000","1517901355"
"21",NULL,"117.699997","0.309000","22.000000","0.005672","0.609000","1517901357"
"22",NULL,"118.400002","0.309000","22.000000","0.005672","0.607000","1517901359"
"23",NULL,"118.699997","0.309000","22.000000","0.005672","0.604000","1517901360"
"24",NULL,"117.900002","0.309000","22.000000","0.005672","0.608000","1517901362"
"25",NULL,"117.800003","0.309000","22.000000","0.005672","0.608000","1517901363"
"26",NULL,"117.800003","0.308000","22.000000","0.005672","0.607000","1517901365"
"27",NULL,"117.599998","0.310000","22.000000","0.005672","0.609000","1517901367"
"28",NULL,"117.900002","0.310000","22.000000","0.005672","0.609000","1517901368"
"29",NULL,"118.099998","0.310000","22.000000","0.005672","0.606000","1517901370"
"30",NULL,"117.699997","0.309000","22.000000","0.005672","0.609000","1517901372"
"31",NULL,"117.699997","0.308000","22.000000","0.005672","0.610000","1517901373"
"32",NULL,"117.699997","0.308000","22.000000","0.005672","0.609000","1517901375"
"33",NULL,"117.599998","0.308000","22.000000","0.005672","0.611000","1517901376"
"34",NULL,"117.199997","0.306000","22.000000","0.005672","0.618000","1517901378"
"35",NULL,"118.199997","0.308000","22.000000","0.005672","0.606000","1517901380"
"36",NULL,"118.099998","0.308000","22.000000","0.005672","0.604000","1517901381"
"37",NULL,"117.500000","0.309000","22.000000","0.005672","0.610000","1517901383"
"38",NULL,"118.300003","0.312000","22.000000","0.005672","0.600000","1517901385"
"39",NULL,"118.199997","0.310000","22.000000","0.005672","0.603000","1517901386"
"40",NULL,"117.800003","0.308000","22.000000","0.005672","0.610000","1517901388"
"41",NULL,"118.300003","0.310000","22.000000","0.005672","0.605000","1517901389"
"42",NULL,"118.699997","0.312000","22.000000","0.005672","0.598000","1517901391"
"43",NULL,"117.300003","0.308000","22.000000","0.005672","0.614000","1517901393"
"44",NULL,"117.500000","0.308000","22.000000","0.005672","0.614000","1517901394"
"45",NULL,"119.199997","0.312000","22.000000","0.005672","0.594000","1517901396"
"46",NULL,"117.699997","0.312000","22.000000","0.005672","0.601000","1517901398"
"47",NULL,"116.900002","0.309000","22.000000","0.005672","0.610000","1517901399"
"48",NULL,"118.900002","0.310000","22.000000","0.005672","0.598000","1517901401"
"49",NULL,"119.400002","0.313000","22.000000","0.005672","0.590000","1517901402"
"50",NULL,"118.099998","0.313000","22.000000","0.005672","0.596000","1517901404"
"51",NULL,"118.099998","0.312000","22.000000","0.005672","0.599000","1517901406"
"52",NULL,"118.699997","0.310000","22.000000","0.005672","0.597000","1517901407"
"53",NULL,"118.099998","0.309000","22.000000","0.005672","0.603000","1517901409"
"54",NULL,"118.500000","0.311000","22.000000","0.005672","0.597000","1517901410"
"55",NULL,"118.500000","0.312000","22.000000","0.005672","0.597000","1517901412"
"56",NULL,"118.000000","0.312000","22.000000","0.005672","0.600000","1517901413"
"57",NULL,"118.300003","0.311000","22.000000","0.005672","0.598000","1517901415"
"58",NULL,"118.000000","0.309000","22.000000","0.005672","0.604000","1517901417"
"59",NULL,"117.800003","0.308000","22.000000","0.005672","0.607000","1517901418"
"60",NULL,"118.000000","0.307000","22.000000","0.005672","0.609000","1517901420"
"61",NULL,"117.800003","0.307000","22.000000","0.005672","0.612000","1517901421"
"62",NULL,"117.300003","0.305000","22.000000","0.005672","0.616000","1517901423"
"63",NULL,"118.000000","0.306000","22.000000","0.005672","0.609000","1517901424"
"64",NULL,"118.199997","0.308000","22.000000","0.005672","0.605000","1517901426"
"65",NULL,"118.300003","0.311000","22.000000","0.005672","0.600000","1517901428"
"66",NULL,"118.199997","0.312000","22.000000","0.005672","0.600000","1517901429"
"67",NULL,"118.000000","0.309000","22.000000","0.005672","0.601000","1517901431"
"68",NULL,"118.500000","0.312000","22.000000","0.005672","0.594000","1517901433"
"69",NULL,"118.300003","0.312000","22.000000","0.005672","0.595000","1517901434"
"70",NULL,"118.099998","0.309000","21.000000","0.005672","0.600000","1517901436"
"71",NULL,"117.900002","0.309000","21.000000","0.005672","0.602000","1517901437"
"72",NULL,"117.900002","0.310000","22.000000","0.005672","0.602000","1517901439"
"73",NULL,"116.900002","0.307000","22.000000","0.005672","0.614000","1517901441"
"74",NULL,"116.900002","0.306000","22.000000","0.005672","0.615000","1517901442"
"75",NULL,"116.900002","0.305000","22.000000","0.005672","0.618000","1517901444"
"76",NULL,"117.400002","0.307000","22.000000","0.005672","0.613000","1517901445"
"77",NULL,"119.000000","0.312000","22.000000","0.005672","0.594000","1517901447"
"78",NULL,"118.300003","0.311000","22.000000","0.005672","0.600000","1517901449"
"79",NULL,"117.599998","0.308000","22.000000","0.005672","0.608000","1517901450"
"80",NULL,"117.500000","0.306000","22.000000","0.005672","0.615000","1517901452"
"81",NULL,"117.300003","0.305000","22.000000","0.005672","0.618000","1517901453"
"82",NULL,"117.599998","0.306000","22.000000","0.005672","0.614000","1517901455"
"83",NULL,"118.400002","0.310000","22.000000","0.005672","0.602000","1517901457"
"84",NULL,"118.599998","0.311000","22.000000","0.005672","0.597000","1517901458"
"85",NULL,"118.800003","0.312000","22.000000","0.005672","0.597000","1517901460"
"86",NULL,"118.099998","0.311000","22.000000","0.005672","0.604000","1517901461"
"87",NULL,"118.000000","0.309000","22.000000","0.005672","0.606000","1517901463"
"88",NULL,"118.000000","0.308000","22.000000","0.005672","0.606000","1517901464"
"89",NULL,"118.000000","0.310000","22.000000","0.005672","0.603000","1517901466"
"90",NULL,"118.000000","0.310000","22.000000","0.005672","0.604000","1517901467"
"91",NULL,"117.699997","0.308000","22.000000","0.005672","0.610000","1517901469"
"92",NULL,"118.199997","0.310000","22.000000","0.005672","0.605000","1517901471"
"93",NULL,"119.099998","0.313000","22.000000","0.005672","0.596000","1517901472"
"94",NULL,"118.199997","0.309000","22.000000","0.005672","0.604000","1517901474"
"95",NULL,"117.900002","0.309000","22.000000","0.005672","0.605000","1517901475"
"96",NULL,"118.599998","0.313000","22.000000","0.005672","0.596000","1517901477"
"97",NULL,"118.300003","0.312000","22.000000","0.005672","0.600000","1517901478"
"98",NULL,"118.300003","0.310000","22.000000","0.005672","0.602000","1517901480"
"99",NULL,"118.400002","0.313000","22.000000","0.005672","0.596000","1517901482"
"100",NULL,"118.099998","0.312000","22.000000","0.005672","0.600000","1517901483"
"101",NULL,"117.800003","0.309000","22.000000","0.005672","0.609000","1517901485"
"102",NULL,"118.300003","0.311000","22.000000","0.005672","0.601000","1517901487"
"103",NULL,"118.199997","0.310000","22.000000","0.005672","0.604000","1517901488"
"104",NULL,"116.900002","0.306000","22.000000","0.005672","0.620000","1517901490"
"105",NULL,"116.900002","0.306000","22.000000","0.005672","0.618000","1517901492"
"106",NULL,"117.000000","0.306000","22.000000","0.005672","0.618000","1517901493"
"107",NULL,"116.599998","0.306000","22.000000","0.005672","0.622000","1517901495"
"108",NULL,"117.199997","0.306000","22.000000","0.005672","0.617000","1517901496"
"109",NULL,"118.199997","0.309000","22.000000","0.005672","0.607000","1517901498"
"110",NULL,"118.400002","0.311000","22.000000","0.005672","0.603000","1517901499"
"111",NULL,"119.400002","0.308000","22.000000","0.005672","0.603000","1517901501"
"112",NULL,"119.199997","0.311000","22.000000","0.005672","0.598000","1517901503"
"113",NULL,"119.199997","0.313000","22.000000","0.005672","0.593000","1517901504"
"114",NULL,"118.300003","0.310000","22.000000","0.005672","0.603000","1517901506"
"115",NULL,"117.400002","0.308000","22.000000","0.005672","0.613000","1517901508"
"116",NULL,"117.099998","0.306000","22.000000","0.005672","0.618000","1517901509"
"117",NULL,"117.900002","0.307000","22.000000","0.005672","0.611000","1517901511"
"118",NULL,"118.599998","0.310000","22.000000","0.005672","0.601000","1517901512"
"119",NULL,"118.500000","0.313000","22.000000","0.005672","0.596000","1517901514"
"120",NULL,"117.699997","0.309000","22.000000","0.005672","0.606000","1517901516"
"121",NULL,"117.199997","0.306000","22.000000","0.005672","0.615000","1517901517"
"122",NULL,"117.199997","0.307000","22.000000","0.005672","0.614000","1517901519"
"123",NULL,"117.199997","0.306000","22.000000","0.005672","0.618000","1517901520"
"124",NULL,"117.400002","0.307000","22.000000","0.005672","0.615000","1517901522"
"125",NULL,"118.400002","0.309000","22.000000","0.005672","0.604000","1517901523"
"126",NULL,"118.900002","0.313000","22.000000","0.005672","0.597000","1517901525"
"127",NULL,"117.500000","0.308000","22.000000","0.005672","0.611000","1517901527"
"128",NULL,"117.199997","0.306000","22.000000","0.005672","0.618000","1517901528"
"129",NULL,"117.699997","0.307000","22.000000","0.005672","0.614000","1517901530"
"130",NULL,"118.199997","0.308000","22.000000","0.005672","0.607000","1517901531"
"131",NULL,"118.900002","0.310000","22.000000","0.005672","0.600000","1517901533"
"132",NULL,"119.000000","0.311000","22.000000","0.005672","0.598000","1517901534"
"133",NULL,"117.599998","0.308000","22.000000","0.005672","0.610000","1517901536"
"134",NULL,"116.699997","0.306000","22.000000","0.005672","0.619000","1517901537"
"135",NULL,"116.800003","0.306000","22.000000","0.005672","0.618000","1517901539"
"136",NULL,"117.800003","0.306000","22.000000","0.005672","0.616000","1517901541"
"137",NULL,"118.400002","0.306000","22.000000","0.005672","0.609000","1517901542"
"138",NULL,"118.800003","0.311000","22.000000","0.005672","0.598000","1517901544"
"139",NULL,"118.800003","0.313000","22.000000","0.005672","0.594000","1517901545"
"140",NULL,"118.800003","0.311000","22.000000","0.005672","0.597000","1517901547"
"141",NULL,"118.900002","0.311000","22.000000","0.005672","0.595000","1517901549"
"142",NULL,"118.199997","0.310000","22.000000","0.005672","0.602000","1517901550"
"143",NULL,"117.800003","0.309000","22.000000","0.005672","0.608000","1517901552"
"144",NULL,"117.500000","0.308000","22.000000","0.005672","0.613000","1517901554"
"145",NULL,"117.599998","0.309000","22.000000","0.005672","0.610000","1517901555"
"146",NULL,"118.000000","0.308000","22.000000","0.005672","0.607000","1517901557"
"147",NULL,"119.300003","0.310000","22.000000","0.005672","0.600000","1517901559"
"148",NULL,"119.599998","0.311000","22.000000","0.005672","0.596000","1517901560"
"149",NULL,"118.699997","0.312000","22.000000","0.005672","0.595000","1517901562"
"150",NULL,"118.199997","0.310000","22.000000","0.005672","0.602000","1517901564"
"151",NULL,"118.000000","0.309000","22.000000","0.005672","0.604000","1517901565"
"152",NULL,"117.599998","0.308000","22.000000","0.005672","0.610000","1517901567"
"153",NULL,"117.199997","0.307000","22.000000","0.005672","0.616000","1517901568"
"154",NULL,"117.699997","0.309000","22.000000","0.005672","0.609000","1517901570"
"155",NULL,"117.400002","0.307000","22.000000","0.005672","0.615000","1517901572"
"156",NULL,"117.400002","0.307000","22.000000","0.005672","0.616000","1517901573"
"157",NULL,"116.900002","0.305000","22.000000","0.005672","0.619000","1517901575"
"158",NULL,"117.099998","0.305000","22.000000","0.005672","0.619000","1517901577"
"159",NULL,"117.199997","0.305000","22.000000","0.005672","0.619000","1517901578"
"160",NULL,"117.900002","0.306000","22.000000","0.005672","0.612000","1517901580"
"161",NULL,"118.400002","0.308000","22.000000","0.005672","0.606000","1517901581"
"162",NULL,"119.099998","0.311000","22.000000","0.005672","0.596000","1517901583"
"163",NULL,"118.500000","0.310000","22.000000","0.005672","0.603000","1517901584"
"164",NULL,"118.599998","0.309000","22.000000","0.005672","0.603000","1517901586"
"165",NULL,"119.199997","0.313000","22.000000","0.005672","0.594000","1517901588"
"166",NULL,"118.699997","0.313000","22.000000","0.005672","0.597000","1517901589"
"167",NULL,"118.599998","0.312000","22.000000","0.005672","0.601000","1517901591"
"168",NULL,"118.500000","0.311000","22.000000","0.005672","0.605000","1517901593"
"169",NULL,"118.599998","0.310000","22.000000","0.005672","0.604000","1517901594"
"170",NULL,"117.099998","0.306000","22.000000","0.005672","0.618000","1517901596"
"171",NULL,"116.699997","0.305000","22.000000","0.005672","0.622000","1517901597"
"172",NULL,"117.099998","0.306000","22.000000","0.005672","0.621000","1517901599"
"173",NULL,"117.400002","0.306000","22.000000","0.005672","0.620000","1517901600"
"174",NULL,"118.400002","0.307000","22.000000","0.005672","0.611000","1517901602"
"175",NULL,"118.000000","0.306000","22.000000","0.005672","0.615000","1517901604"
"176",NULL,"118.099998","0.307000","22.000000","0.005672","0.614000","1517901605"
"177",NULL,"118.199997","0.307000","22.000000","0.005672","0.613000","1517901607"
"178",NULL,"117.400002","0.306000","22.000000","0.005672","0.618000","1517901609"
"179",NULL,"117.699997","0.306000","22.000000","0.005672","0.616000","1517901610"
"180",NULL,"117.400002","0.306000","22.000000","0.005672","0.621000","1517901612"
"181",NULL,"116.900002","0.306000","22.000000","0.005672","0.622000","1517901613"
"182",NULL,"117.099998","0.306000","22.000000","0.005672","0.618000","1517901615"
"183",NULL,"117.599998","0.306000","22.000000","0.005672","0.618000","1517901617"
"184",NULL,"117.400002","0.306000","22.000000","0.005672","0.620000","1517901618"
"185",NULL,"118.199997","0.310000","22.000000","0.005672","0.608000","1517901620"
"186",NULL,"118.300003","0.311000","22.000000","0.005672","0.605000","1517901621"
"187",NULL,"117.199997","0.308000","22.000000","0.005672","0.616000","1517901623"
"188",NULL,"117.699997","0.310000","22.000000","0.005672","0.608000","1517901624"
"189",NULL,"118.000000","0.311000","22.000000","0.005672","0.606000","1517901626"
"190",NULL,"117.400002","0.309000","22.000000","0.005672","0.613000","1517901628"
"191",NULL,"117.400002","0.308000","22.000000","0.005672","0.615000","1517901629"
"192",NULL,"117.599998","0.311000","22.000000","0.005672","0.609000","1517901631"
"193",NULL,"117.400002","0.310000","22.000000","0.005672","0.613000","1517901632"
"194",NULL,"117.900002","0.310000","22.000000","0.005672","0.612000","1517901634"
"195",NULL,"116.900002","0.308000","22.000000","0.005672","0.616000","1517901636"
"196",NULL,"117.000000","0.308000","22.000000","0.005672","0.614000","1517901637"
"197",NULL,"117.800003","0.310000","22.000000","0.005672","0.609000","1517901639"
"198",NULL,"118.400002","0.309000","22.000000","0.005672","0.609000","1517901641"
"199",NULL,"118.699997","0.310000","22.000000","0.005672","0.606000","1517901642"
"200",NULL,"118.699997","0.312000","22.000000","0.005672","0.601000","1517901644"
"201",NULL,"119.300003","0.315000","22.000000","0.005672","0.595000","1517901646"
"202",NULL,"119.000000","0.315000","22.000000","0.005672","0.596000","1517901647"
"203",NULL,"119.300003","0.314000","22.000000","0.005672","0.595000","1517901649"
"204",NULL,"119.500000","0.313000","22.000000","0.005672","0.596000","1517901650"
"205",NULL,"118.599998","0.311000","22.000000","0.005672","0.605000","1517901652"
"206",NULL,"118.300003","0.311000","22.000000","0.005672","0.607000","1517901653"
"207",NULL,"118.300003","0.311000","22.000000","0.005672","0.607000","1517901655"
"208",NULL,"118.599998","0.311000","22.000000","0.005672","0.602000","1517901657"
"209",NULL,"118.300003","0.311000","22.000000","0.005672","0.604000","1517901658"
"210",NULL,"117.199997","0.309000","22.000000","0.005672","0.615000","1517901660"
"211",NULL,"117.099998","0.308000","22.000000","0.005672","0.617000","1517901661"
"212",NULL,"118.099998","0.310000","22.000000","0.005672","0.610000","1517901663"
"213",NULL,"118.300003","0.309000","22.000000","0.005672","0.609000","1517901665"
"214",NULL,"118.500000","0.309000","22.000000","0.005672","0.606000","1517901666"
"215",NULL,"118.300003","0.309000","22.000000","0.005672","0.609000","1517901668"
"216",NULL,"119.599998","0.314000","22.000000","0.005672","0.590000","1517901670"
"217",NULL,"119.300003","0.314000","22.000000","0.005672","0.592000","1517901671"
"218",NULL,"118.000000","0.311000","22.000000","0.005672","0.607000","1517901673"
"219",NULL,"118.000000","0.309000","22.000000","0.005672","0.613000","1517901674"
"220",NULL,"118.099998","0.308000","22.000000","0.005672","0.614000","1517901676"
"221",NULL,"118.099998","0.309000","22.000000","0.005672","0.610000","1517901678"
"222",NULL,"117.199997","0.308000","22.000000","0.005672","0.615000","1517901679"
"223",NULL,"118.099998","0.310000","22.000000","0.005672","0.611000","1517901681"
"224",NULL,"119.599998","0.313000","22.000000","0.005672","0.597000","1517901683"
"225",NULL,"119.300003","0.314000","22.000000","0.005672","0.596000","1517901684"
"226",NULL,"117.800003","0.309000","22.000000","0.005672","0.613000","1517901686"
"227",NULL,"118.099998","0.309000","22.000000","0.005672","0.611000","1517901687"
"228",NULL,"117.900002","0.310000","22.000000","0.005672","0.611000","1517901689"
"229",NULL,"117.300003","0.308000","22.000000","0.005672","0.618000","1517901690"
"230",NULL,"118.099998","0.310000","22.000000","0.005672","0.613000","1517901692"
"231",NULL,"118.500000","0.310000","22.000000","0.005672","0.607000","1517901694"
"232",NULL,"118.000000","0.307000","22.000000","0.005672","0.615000","1517901695"
"233",NULL,"118.500000","0.311000","22.000000","0.005672","0.607000","1517901697"
"234",NULL,"118.000000","0.311000","22.000000","0.005672","0.608000","1517901699"
"235",NULL,"118.500000","0.312000","22.000000","0.005672","0.605000","1517901700"
"236",NULL,"117.699997","0.309000","22.000000","0.005672","0.612000","1517901702"
"237",NULL,"116.900002","0.308000","22.000000","0.005672","0.618000","1517901703"
"238",NULL,"118.699997","0.311000","22.000000","0.005672","0.605000","1517901705"
"239",NULL,"119.099998","0.310000","22.000000","0.005672","0.603000","1517901707"
"240",NULL,"118.400002","0.309000","22.000000","0.005672","0.608000","1517901708"
"241",NULL,"117.900002","0.307000","22.000000","0.005672","0.616000","1517901710"
"242",NULL,"118.000000","0.307000","22.000000","0.005672","0.618000","1517901711"
"243",NULL,"118.599998","0.309000","22.000000","0.005672","0.609000","1517901713"
"244",NULL,"118.900002","0.309000","22.000000","0.005672","0.605000","1517901715"
"245",NULL,"119.000000","0.311000","22.000000","0.005672","0.603000","1517901716"
"246",NULL,"119.900002","0.314000","22.000000","0.005672","0.596000","1517901718"
"247",NULL,"119.800003","0.314000","22.000000","0.005672","0.597000","1517901719"
"248",NULL,"119.500000","0.313000","22.000000","0.005672","0.598000","1517901721"
"249",NULL,"119.500000","0.312000","22.000000","0.005672","0.598000","1517901722"
"250",NULL,"118.900002","0.309000","22.000000","0.005672","0.607000","1517901724"
"251",NULL,"118.300003","0.309000","22.000000","0.005672","0.614000","1517901726"
"252",NULL,"118.199997","0.309000","22.000000","0.005672","0.614000","1517901727"
"253",NULL,"118.900002","0.313000","22.000000","0.005672","0.602000","1517901729"
"254",NULL,"118.900002","0.311000","22.000000","0.005672","0.606000","1517901731"
"255",NULL,"118.900002","0.308000","22.000000","0.005672","0.611000","1517901732"
"256",NULL,"119.300003","0.310000","22.000000","0.005672","0.605000","1517901734"
"257",NULL,"119.400002","0.313000","22.000000","0.005650","1.605000","1517901737"
"258",NULL,"119.699997","0.314000","22.000000","0.005672","0.593000","1517901738"
"259",NULL,"118.500000","0.307000","22.000000","0.005672","0.616000","1517901740"
"260",NULL,"117.599998","0.305000","22.000000","0.005672","0.622000","1517901742"
"261",NULL,"117.400002","0.306000","22.000000","0.005672","0.619000","1517901743"
"262",NULL,"118.000000","0.309000","22.000000","0.005672","0.609000","1517901745"
"263",NULL,"119.099998","0.312000","22.000000","0.005672","0.601000","1517901746"
"264",NULL,"119.300003","0.313000","22.000000","0.005672","0.596000","1517901748"
"265",NULL,"118.599998","0.312000","22.000000","0.005672","0.601000","1517901750"
"266",NULL,"118.699997","0.313000","22.000000","0.005672","0.603000","1517901751"
"267",NULL,"118.099998","0.310000","22.000000","0.005672","0.609000","1517901753"
"268",NULL,"117.699997","0.309000","22.000000","0.005672","0.611000","1517901754"
"269",NULL,"118.099998","0.309000","22.000000","0.005672","0.608000","1517901756"
"270",NULL,"117.599998","0.307000","22.000000","0.005672","0.617000","1517901758"
"271",NULL,"117.599998","0.306000","22.000000","0.005672","0.620000","1517901759"
"272",NULL,"118.900002","0.310000","22.000000","0.005672","0.607000","1517901761"
"273",NULL,"119.699997","0.312000","22.000000","0.005672","0.599000","1517901762"
"274",NULL,"118.400002","0.309000","22.000000","0.005672","0.612000","1517901764"
"275",NULL,"117.300003","0.306000","22.000000","0.005672","0.621000","1517901766"
"276",NULL,"118.099998","0.306000","22.000000","0.005672","0.619000","1517901767"
"277",NULL,"118.699997","0.310000","22.000000","0.005672","0.608000","1517901769"
"278",NULL,"118.500000","0.312000","22.000000","0.005672","0.605000","1517901770"
"279",NULL,"118.099998","0.309000","22.000000","0.005672","0.612000","1517901772"
"280",NULL,"118.500000","0.308000","22.000000","0.005672","0.611000","1517901774"
"281",NULL,"119.000000","0.309000","22.000000","0.005672","0.609000","1517901775"
"282",NULL,"119.199997","0.311000","22.000000","0.005672","0.602000","1517901777"
"283",NULL,"118.300003","0.309000","22.000000","0.005672","0.611000","1517901779"
"284",NULL,"117.400002","0.306000","22.000000","0.005672","0.620000","1517901780"
"285",NULL,"118.099998","0.308000","22.000000","0.005672","0.612000","1517901782"
"286",NULL,"118.900002","0.310000","22.000000","0.005672","0.604000","1517901783"
"287",NULL,"118.800003","0.310000","22.000000","0.005672","0.605000","1517901785"
"288",NULL,"117.699997","0.308000","22.000000","0.005672","0.615000","1517901787"
"289",NULL,"117.599998","0.307000","22.000000","0.005672","0.617000","1517901788"
"290",NULL,"118.599998","0.308000","22.000000","0.005672","0.607000","1517901790"
"291",NULL,"119.699997","0.313000","22.000000","0.005672","0.592000","1517901792"
"292",NULL,"119.099998","0.311000","22.000000","0.005672","0.600000","1517901793"
"293",NULL,"118.599998","0.308000","22.000000","0.005672","0.608000","1517901795"
"294",NULL,"119.000000","0.309000","22.000000","0.005672","0.606000","1517901796"
"295",NULL,"118.800003","0.310000","22.000000","0.005672","0.606000","1517901798"
"296",NULL,"118.199997","0.310000","22.000000","0.005672","0.609000","1517901800"
"297",NULL,"117.500000","0.308000","22.000000","0.005672","0.617000","1517901801"
"298",NULL,"118.099998","0.308000","22.000000","0.005672","0.612000","1517901803"
"299",NULL,"118.199997","0.308000","22.000000","0.005672","0.612000","1517901805"
"300",NULL,"118.900002","0.307000","22.000000","0.005672","0.609000","1517901806"
"301",NULL,"119.599998","0.312000","22.000000","0.005672","0.599000","1517901808"
"302",NULL,"119.699997","0.313000","22.000000","0.005672","0.596000","1517901809"
"303",NULL,"119.599998","0.313000","22.000000","0.005672","0.598000","1517901811"
"304",NULL,"119.199997","0.314000","22.000000","0.005672","0.599000","1517901813"
"305",NULL,"118.699997","0.312000","22.000000","0.005672","0.601000","1517901814"
"306",NULL,"118.500000","0.309000","22.000000","0.005672","0.607000","1517901816"
"307",NULL,"118.500000","0.311000","22.000000","0.005672","0.604000","1517901818"
"308",NULL,"118.099998","0.309000","22.000000","0.005672","0.609000","1517901819"
"309",NULL,"117.599998","0.305000","22.000000","0.005672","0.622000","1517901821"
"310",NULL,"117.400002","0.305000","22.000000","0.005672","0.624000","1517901822"
"311",NULL,"119.099998","0.309000","22.000000","0.005672","0.607000","1517901824"
"312",NULL,"118.800003","0.311000","22.000000","0.005672","0.601000","1517901826"
"313",NULL,"118.500000","0.311000","22.000000","0.005672","0.603000","1517901827"
"314",NULL,"118.599998","0.308000","22.000000","0.005672","0.608000","1517901829"
"315",NULL,"117.800003","0.307000","22.000000","0.005672","0.615000","1517901831"
"316",NULL,"118.000000","0.307000","22.000000","0.005672","0.611000","1517901832"
"317",NULL,"119.599998","0.311000","22.000000","0.005672","0.594000","1517901834"
"318",NULL,"119.099998","0.312000","22.000000","0.005672","0.597000","1517901835"
"319",NULL,"118.000000","0.309000","22.000000","0.005672","0.609000","1517901837"
"320",NULL,"117.599998","0.308000","22.000000","0.005672","0.616000","1517901838"
"321",NULL,"118.099998","0.308000","22.000000","0.005672","0.614000","1517901840"
"322",NULL,"118.300003","0.307000","22.000000","0.005672","0.613000","1517901841"
"323",NULL,"118.599998","0.308000","22.000000","0.005672","0.609000","1517901843"
"324",NULL,"118.500000","0.306000","22.000000","0.005672","0.613000","1517901845"
"325",NULL,"118.199997","0.306000","22.000000","0.005672","0.614000","1517901846"
"326",NULL,"118.900002","0.309000","22.000000","0.005672","0.604000","1517901848"
"327",NULL,"119.300003","0.311000","22.000000","0.005672","0.601000","1517901850"
"328",NULL,"119.500000","0.313000","22.000000","0.005672","0.595000","1517901851"
"329",NULL,"119.300003","0.312000","22.000000","0.005672","0.601000","1517901853"
"330",NULL,"119.300003","0.312000","22.000000","0.005672","0.601000","1517901854"
"331",NULL,"119.800003","0.315000","22.000000","0.005672","0.591000","1517901856"
"332",NULL,"119.699997","0.313000","22.000000","0.005672","0.596000","1517901858"
"333",NULL,"119.800003","0.313000","22.000000","0.005672","0.596000","1517901859"
"334",NULL,"119.800003","0.312000","22.000000","0.005672","0.597000","1517901861"
"335",NULL,"119.599998","0.310000","22.000000","0.005672","0.602000","1517901862"
"336",NULL,"118.300003","0.306000","22.000000","0.005672","0.617000","1517901864"
"337",NULL,"117.800003","0.306000","22.000000","0.005672","0.622000","1517901865"
"338",NULL,"117.500000","0.306000","22.000000","0.005672","0.625000","1517901867"
"339",NULL,"117.300003","0.306000","22.000000","0.005672","0.624000","1517901868"
"340",NULL,"118.099998","0.308000","22.000000","0.005672","0.615000","1517901870"
"341",NULL,"119.199997","0.312000","22.000000","0.005672","0.603000","1517901872"
"342",NULL,"119.800003","0.312000","22.000000","0.005672","0.600000","1517901873"
"343",NULL,"118.400002","0.309000","22.000000","0.005672","0.614000","1517901875"
"344",NULL,"118.199997","0.306000","22.000000","0.005672","0.617000","1517901877"
"345",NULL,"118.199997","0.307000","22.000000","0.005672","0.615000","1517901878"
"346",NULL,"118.599998","0.311000","22.000000","0.005672","0.605000","1517901880"
"347",NULL,"118.599998","0.312000","22.000000","0.005672","0.603000","1517901881"
"348",NULL,"118.900002","0.313000","22.000000","0.005672","0.601000","1517901883"
"349",NULL,"119.099998","0.311000","22.000000","0.005672","0.604000","1517901885"
"350",NULL,"119.099998","0.311000","22.000000","0.005672","0.604000","1517901886"
"351",NULL,"118.900002","0.309000","22.000000","0.005672","0.610000","1517901888"
"352",NULL,"119.000000","0.308000","22.000000","0.005672","0.610000","1517901889"
"353",NULL,"118.699997","0.309000","22.000000","0.005672","0.608000","1517901891"
"354",NULL,"118.199997","0.308000","22.000000","0.005672","0.613000","1517901892"
"355",NULL,"118.599998","0.310000","22.000000","0.005672","0.608000","1517901894"
"356",NULL,"119.400002","0.312000","22.000000","0.005672","0.600000","1517901896"
"357",NULL,"119.000000","0.310000","22.000000","0.005672","0.604000","1517901897"
"358",NULL,"117.800003","0.309000","22.000000","0.005672","0.613000","1517901899"
"359",NULL,"117.500000","0.308000","22.000000","0.005672","0.620000","1517901901"
"360",NULL,"117.500000","0.306000","22.000000","0.005672","0.626000","1517901902"
"361",NULL,"117.500000","0.306000","22.000000","0.005672","0.626000","1517901904"
"362",NULL,"118.000000","0.307000","22.000000","0.005672","0.620000","1517901905"
"363",NULL,"119.000000","0.308000","22.000000","0.005672","0.607000","1517901907"
"364",NULL,"120.099998","0.313000","22.000000","0.005672","0.595000","1517901909"
"365",NULL,"120.099998","0.314000","22.000000","0.005672","0.594000","1517901910"
"366",NULL,"119.800003","0.315000","22.000000","0.005672","0.594000","1517901912"
"367",NULL,"118.400002","0.311000","22.000000","0.005672","0.607000","1517901914"
"368",NULL,"118.099998","0.310000","22.000000","0.005672","0.612000","1517901915"
"369",NULL,"118.300003","0.308000","22.000000","0.005672","0.612000","1517901917"
"370",NULL,"118.000000","0.307000","22.000000","0.005672","0.616000","1517901918"
"371",NULL,"118.400002","0.309000","22.000000","0.005672","0.613000","1517901920"
"372",NULL,"118.599998","0.308000","22.000000","0.005672","0.611000","1517901922"
"373",NULL,"119.000000","0.310000","22.000000","0.005672","0.607000","1517901923"
"374",NULL,"119.199997","0.310000","22.000000","0.005672","0.606000","1517901925"
"375",NULL,"119.400002","0.312000","22.000000","0.005672","0.601000","1517901926"
"376",NULL,"119.599998","0.314000","22.000000","0.005672","0.595000","1517901928"
"377",NULL,"119.099998","0.313000","22.000000","0.005672","0.600000","1517901930"
"378",NULL,"118.800003","0.312000","22.000000","0.005672","0.601000","1517901931"
"379",NULL,"117.900002","0.309000","22.000000","0.005672","0.615000","1517901933"
"380",NULL,"117.599998","0.308000","22.000000","0.005672","0.619000","1517901934"
"381",NULL,"117.800003","0.308000","22.000000","0.005672","0.620000","1517901936"
"382",NULL,"118.199997","0.307000","22.000000","0.005672","0.618000","1517901938"
"383",NULL,"118.400002","0.307000","22.000000","0.005672","0.614000","1517901939"
"384",NULL,"118.800003","0.310000","22.000000","0.005672","0.604000","1517901941"
"385",NULL,"120.099998","0.312000","22.000000","0.005672","0.593000","1517901943"
"386",NULL,"119.599998","0.312000","22.000000","0.005672","0.596000","1517901944"
"387",NULL,"119.000000","0.311000","22.000000","0.005672","0.604000","1517901946"
"388",NULL,"118.300003","0.308000","22.000000","0.005672","0.613000","1517901948"
"389",NULL,"118.199997","0.307000","22.000000","0.005672","0.614000","1517901949"
"390",NULL,"117.699997","0.308000","22.000000","0.005672","0.618000","1517901951"
"391",NULL,"117.800003","0.307000","22.000000","0.005672","0.619000","1517901953"
"392",NULL,"117.699997","0.306000","22.000000","0.005672","0.620000","1517901954"
"393",NULL,"118.400002","0.306000","22.000000","0.005672","0.616000","1517901956"
"394",NULL,"118.400002","0.307000","22.000000","0.005672","0.615000","1517901957"
"395",NULL,"117.800003","0.306000","22.000000","0.005672","0.621000","1517901959"
"396",NULL,"117.800003","0.306000","22.000000","0.005672","0.621000","1517901960"
"397",NULL,"118.199997","0.309000","22.000000","0.005672","0.615000","1517901962"
"398",NULL,"119.000000","0.309000","22.000000","0.005672","0.610000","1517901964"
"399",NULL,"118.599998","0.307000","22.000000","0.005672","0.615000","1517901965"
"400",NULL,"119.300003","0.307000","22.000000","0.005672","0.609000","1517901967"
"401",NULL,"120.099998","0.309000","22.000000","0.005672","0.603000","1517901969"
"402",NULL,"120.099998","0.313000","22.000000","0.005672","0.598000","1517901970"
"403",NULL,"120.099998","0.315000","22.000000","0.005672","0.592000","1517901972"
"404",NULL,"119.900002","0.314000","22.000000","0.005672","0.593000","1517901973"
"405",NULL,"118.800003","0.310000","22.000000","0.005672","0.609000","1517901975"
"406",NULL,"118.699997","0.310000","22.000000","0.005672","0.610000","1517901977"
"407",NULL,"118.900002","0.310000","22.000000","0.005672","0.609000","1517901978"
"408",NULL,"119.000000","0.310000","22.000000","0.005672","0.608000","1517901980"
"409",NULL,"119.400002","0.312000","22.000000","0.005672","0.602000","1517901981"
"410",NULL,"118.699997","0.310000","22.000000","0.005672","0.610000","1517901983"
"411",NULL,"118.400002","0.310000","22.000000","0.005672","0.614000","1517901985"
"412",NULL,"118.599998","0.309000","22.000000","0.005672","0.614000","1517901986"
"413",NULL,"118.300003","0.308000","22.000000","0.005672","0.616000","1517901988"
"414",NULL,"118.599998","0.308000","22.000000","0.005672","0.616000","1517901990"
"415",NULL,"119.000000","0.308000","22.000000","0.005672","0.611000","1517901991"
"416",NULL,"119.099998","0.309000","22.000000","0.005672","0.612000","1517901993"
"417",NULL,"118.900002","0.308000","22.000000","0.005672","0.615000","1517901994"
"418",NULL,"118.199997","0.308000","22.000000","0.005672","0.616000","1517901996"
"419",NULL,"118.599998","0.309000","22.000000","0.005672","0.611000","1517901998"
"420",NULL,"118.699997","0.310000","22.000000","0.005672","0.608000","1517901999"
"421",NULL,"117.900002","0.308000","22.000000","0.005672","0.614000","1517902001"
"422",NULL,"119.199997","0.312000","22.000000","0.005672","0.600000","1517902003"
"423",NULL,"119.400002","0.314000","22.000000","0.005672","0.596000","1517902004"
"424",NULL,"119.099998","0.312000","22.000000","0.005672","0.607000","1517902006"
"425",NULL,"119.400002","0.313000","22.000000","0.005672","0.604000","1517902007"
"426",NULL,"119.400002","0.314000","22.000000","0.005672","0.597000","1517902009"
"427",NULL,"119.800003","0.313000","22.000000","0.005672","0.595000","1517902011"
"428",NULL,"119.699997","0.313000","22.000000","0.005672","0.595000","1517902012"
"429",NULL,"118.500000","0.310000","22.000000","0.005672","0.609000","1517902014"
"430",NULL,"117.900002","0.309000","22.000000","0.005672","0.616000","1517902015"
"431",NULL,"118.199997","0.308000","22.000000","0.005672","0.616000","1517902017"
"432",NULL,"118.400002","0.309000","22.000000","0.005672","0.614000","1517902019"
"433",NULL,"118.500000","0.308000","22.000000","0.005672","0.614000","1517902020"
"434",NULL,"118.900002","0.309000","22.000000","0.005672","0.612000","1517902022"
"435",NULL,"119.300003","0.310000","22.000000","0.005672","0.608000","1517902024"
"436",NULL,"120.400002","0.313000","22.000000","0.005672","0.596000","1517902025"
"437",NULL,"119.300003","0.313000","22.000000","0.005672","0.601000","1517902027"
"438",NULL,"119.199997","0.313000","22.000000","0.005672","0.601000","1517902028"
"439",NULL,"120.400002","0.313000","22.000000","0.005672","0.596000","1517902030"
"440",NULL,"119.800003","0.312000","22.000000","0.005672","0.601000","1517902032"
"441",NULL,"119.599998","0.312000","22.000000","0.005672","0.601000","1517902033"
"442",NULL,"120.300003","0.316000","22.000000","0.005672","0.593000","1517902035"
"443",NULL,"120.300003","0.316000","22.000000","0.005672","0.592000","1517902036"
"444",NULL,"119.500000","0.312000","22.000000","0.005672","0.601000","1517902038"
"445",NULL,"120.199997","0.314000","22.000000","0.005672","0.594000","1517902040"
"446",NULL,"120.099998","0.315000","22.000000","0.005672","0.592000","1517902041"
"447",NULL,"119.400002","0.313000","22.000000","0.005672","0.601000","1517902043"
"448",NULL,"119.199997","0.311000","22.000000","0.005672","0.607000","1517902044"
"449",NULL,"119.800003","0.313000","22.000000","0.005672","0.595000","1517902046"
"450",NULL,"119.599998","0.315000","22.000000","0.005672","0.591000","1517902048"
"451",NULL,"119.900002","0.315000","22.000000","0.005672","0.592000","1517902049"
"452",NULL,"119.599998","0.312000","22.000000","0.005672","0.601000","1517902051"
"453",NULL,"120.300003","0.311000","22.000000","0.005672","0.601000","1517902053"
"454",NULL,"120.199997","0.311000","22.000000","0.005672","0.600000","1517902054"
"455",NULL,"119.400002","0.313000","22.000000","0.005672","0.600000","1517902056"
"456",NULL,"119.000000","0.312000","22.000000","0.005672","0.603000","1517902057"
"457",NULL,"118.599998","0.312000","22.000000","0.005672","0.603000","1517902059"
"458",NULL,"118.300003","0.310000","22.000000","0.005672","0.611000","1517902061"
"459",NULL,"118.400002","0.309000","22.000000","0.005672","0.614000","1517902062"
"460",NULL,"117.500000","0.308000","22.000000","0.005672","0.623000","1517902064"
"461",NULL,"117.500000","0.308000","22.000000","0.005672","0.622000","1517902065"
"462",NULL,"118.000000","0.307000","22.000000","0.005672","0.620000","1517902067"
"463",NULL,"118.500000","0.307000","22.000000","0.005672","0.618000","1517902068"
"464",NULL,"119.300003","0.308000","22.000000","0.005672","0.613000","1517902070"
"465",NULL,"119.099998","0.309000","22.000000","0.005672","0.612000","1517902072"
"466",NULL,"119.099998","0.309000","22.000000","0.005672","0.611000","1517902073"
"467",NULL,"118.699997","0.309000","22.000000","0.005672","0.613000","1517902075"
"468",NULL,"119.699997","0.311000","22.000000","0.005672","0.602000","1517902076"
"469",NULL,"120.000000","0.313000","22.000000","0.005672","0.599000","1517902078"
"470",NULL,"119.300003","0.314000","22.000000","0.005672","0.601000","1517902080"
"471",NULL,"118.599998","0.312000","22.000000","0.005672","0.608000","1517902081"
"472",NULL,"118.500000","0.311000","22.000000","0.005672","0.608000","1517902083"
"473",NULL,"118.300003","0.310000","22.000000","0.005672","0.614000","1517902085"
"474",NULL,"119.199997","0.311000","22.000000","0.005672","0.610000","1517902086"
"475",NULL,"120.000000","0.311000","22.000000","0.005672","0.606000","1517902088"
"476",NULL,"119.199997","0.309000","22.000000","0.005672","0.614000","1517902090"
"477",NULL,"119.400002","0.310000","22.000000","0.005672","0.608000","1517902091"
"478",NULL,"119.900002","0.311000","22.000000","0.005672","0.601000","1517902093"
"479",NULL,"120.400002","0.314000","22.000000","0.005672","0.596000","1517902095"
"480",NULL,"120.199997","0.314000","22.000000","0.005672","0.597000","1517902096"
"481",NULL,"120.599998","0.316000","22.000000","0.005672","0.589000","1517902098"
"482",NULL,"120.300003","0.315000","22.000000","0.005672","0.594000","1517902099"
"483",NULL,"120.099998","0.314000","22.000000","0.005672","0.596000","1517902101"
"484",NULL,"120.300003","0.314000","22.000000","0.005672","0.594000","1517902103"
"485",NULL,"120.400002","0.314000","22.000000","0.005672","0.593000","1517902104"
"486",NULL,"120.000000","0.316000","22.000000","0.005672","0.595000","1517902106"
"487",NULL,"120.199997","0.316000","22.000000","0.005672","0.593000","1517902107"
"488",NULL,"119.800003","0.313000","22.000000","0.005672","0.598000","1517902109"
"489",NULL,"120.000000","0.313000","22.000000","0.005672","0.599000","1517902111"
"490",NULL,"119.900002","0.312000","22.000000","0.005672","0.602000","1517902112"
"491",NULL,"118.900002","0.310000","22.000000","0.005672","0.611000","1517902114"
"492",NULL,"118.800003","0.309000","22.000000","0.005672","0.614000","1517902115"
"493",NULL,"118.900002","0.307000","22.000000","0.005672","0.620000","1517902117"
"494",NULL,"118.500000","0.307000","22.000000","0.005672","0.618000","1517902119"
"495",NULL,"117.699997","0.307000","22.000000","0.005672","0.622000","1517902120"
"496",NULL,"117.599998","0.307000","22.000000","0.005672","0.621000","1517902122"
"497",NULL,"118.599998","0.309000","22.000000","0.005672","0.611000","1517902124"
"498",NULL,"118.900002","0.310000","22.000000","0.005672","0.608000","1517902125"
"499",NULL,"119.599998","0.314000","22.000000","0.005672","0.600000","1517902127"
"500",NULL,"120.000000","0.315000","22.000000","0.005672","0.593000","1517902128"
"501",NULL,"119.199997","0.310000","22.000000","0.005672","0.606000","1517902130"
"502",NULL,"119.400002","0.311000","22.000000","0.005672","0.603000","1517902132"
"503",NULL,"119.599998","0.313000","22.000000","0.005672","0.600000","1517902133"
"504",NULL,"119.300003","0.312000","22.000000","0.005672","0.604000","1517902135"
"505",NULL,"119.300003","0.311000","22.000000","0.005672","0.604000","1517902136"
"506",NULL,"120.300003","0.312000","22.000000","0.005672","0.596000","1517902138"
"507",NULL,"119.800003","0.313000","22.000000","0.005672","0.599000","1517902140"
"508",NULL,"119.699997","0.313000","22.000000","0.005672","0.598000","1517902141"
"509",NULL,"119.199997","0.312000","22.000000","0.005672","0.601000","1517902143"
"510",NULL,"118.800003","0.312000","22.000000","0.005672","0.607000","1517902145"
"511",NULL,"118.300003","0.308000","22.000000","0.005672","0.616000","1517902146"
"512",NULL,"119.000000","0.310000","22.000000","0.005672","0.606000","1517902148"
"513",NULL,"120.000000","0.311000","22.000000","0.005672","0.599000","1517902150"
"514",NULL,"120.199997","0.312000","22.000000","0.005672","0.596000","1517902151"
"515",NULL,"119.900002","0.311000","22.000000","0.005672","0.600000","1517902153"
"516",NULL,"118.099998","0.310000","22.000000","0.005672","0.612000","1517902155"
"517",NULL,"117.800003","0.308000","22.000000","0.005672","0.618000","1517902156"
"518",NULL,"118.300003","0.307000","22.000000","0.005672","0.616000","1517902158"
"519",NULL,"118.500000","0.309000","22.000000","0.005672","0.613000","1517902159"
"520",NULL,"118.900002","0.310000","22.000000","0.005672","0.611000","1517902161"
"521",NULL,"120.199997","0.314000","22.000000","0.005672","0.593000","1517902163"
"522",NULL,"120.099998","0.315000","22.000000","0.005672","0.592000","1517902164"
"523",NULL,"119.800003","0.311000","22.000000","0.005672","0.600000","1517902166"
"524",NULL,"119.099998","0.308000","22.000000","0.005672","0.612000","1517902168"
"525",NULL,"118.300003","0.306000","22.000000","0.005672","0.621000","1517902169"
"526",NULL,"118.900002","0.308000","22.000000","0.005672","0.613000","1517902171"
"527",NULL,"118.300003","0.308000","22.000000","0.005672","0.616000","1517902173"
"528",NULL,"118.199997","0.310000","22.000000","0.005672","0.613000","1517902174"
"529",NULL,"118.900002","0.312000","22.000000","0.005672","0.607000","1517902176"
"530",NULL,"119.199997","0.312000","22.000000","0.005672","0.604000","1517902178"
"531",NULL,"119.800003","0.313000","22.000000","0.005672","0.597000","1517902179"
"532",NULL,"119.500000","0.312000","22.000000","0.005672","0.600000","1517902181"
"533",NULL,"120.000000","0.310000","22.000000","0.005672","0.603000","1517902183"
"534",NULL,"119.400002","0.309000","22.000000","0.005672","0.609000","1517902184"
"535",NULL,"118.199997","0.306000","22.000000","0.005672","0.618000","1517902186"
"536",NULL,"117.800003","0.306000","22.000000","0.005672","0.621000","1517902187"
"537",NULL,"118.400002","0.309000","22.000000","0.005672","0.613000","1517902189"
"538",NULL,"117.400002","0.308000","22.000000","0.005672","0.622000","1517902191"
"539",NULL,"117.300003","0.308000","22.000000","0.005672","0.622000","1517902192"
"540",NULL,"118.300003","0.310000","22.000000","0.005672","0.613000","1517902194"
"541",NULL,"118.699997","0.312000","22.000000","0.005672","0.608000","1517902196"
"542",NULL,"118.099998","0.309000","22.000000","0.005672","0.614000","1517902197"
"543",NULL,"117.500000","0.308000","22.000000","0.005672","0.619000","1517902199"
"544",NULL,"117.599998","0.308000","22.000000","0.005672","0.619000","1517902200"
"545",NULL,"117.400002","0.307000","22.000000","0.005672","0.623000","1517902202"
"546",NULL,"117.699997","0.306000","22.000000","0.005672","0.623000","1517902204"
"547",NULL,"118.900002","0.308000","22.000000","0.005672","0.612000","1517902205"
"548",NULL,"119.000000","0.307000","22.000000","0.005672","0.613000","1517902207"
"549",NULL,"118.800003","0.307000","22.000000","0.005672","0.614000","1517902209"
"550",NULL,"119.199997","0.308000","22.000000","0.005672","0.610000","1517902210"
"551",NULL,"119.500000","0.311000","22.000000","0.005672","0.601000","1517902212"
"552",NULL,"119.000000","0.311000","22.000000","0.005672","0.602000","1517902214"
"553",NULL,"118.099998","0.309000","22.000000","0.005672","0.611000","1517902215"
"554",NULL,"118.500000","0.309000","22.000000","0.005672","0.607000","1517902217"
"555",NULL,"118.400002","0.306000","22.000000","0.005672","0.617000","1517902219"
"556",NULL,"118.500000","0.309000","22.000000","0.005672","0.611000","1517902220"
"557",NULL,"118.500000","0.312000","22.000000","0.005672","0.606000","1517902222"
"558",NULL,"117.900002","0.308000","22.000000","0.005672","0.618000","1517902224"
"559",NULL,"118.900002","0.308000","22.000000","0.005672","0.611000","1517902225"
"560",NULL,"119.099998","0.309000","22.000000","0.005672","0.605000","1517902227"
"561",NULL,"118.099998","0.309000","22.000000","0.005672","0.614000","1517902229"
"562",NULL,"117.199997","0.308000","22.000000","0.005672","0.621000","1517902230"
