CFSHWISR,115.199997,2.705,314,1
CFSHWISR,115.599998,2.718,315,1
CFSHWISR,116.900002,2.763,315,0.975
CFSHWISR,117.199997,2.796,315,0.961
CFSHWISR,117.099998,2.991,315,0.902
CFSHWISR,117.5,2.95,315,0.908
CFSHWISR,117.199997,3.009,314,0.892
CFSHWISR,116.800003,3.076,315,0.878
CFSHWISR,116.400002,2.948,315,0.923
CFSHWISR,116.800003,2.897,315,0.935
CFSHWISR,116.400002,3.048,315,0.889
CFSHWISR,116.800003,2.972,314,0.908
CFSHWISR,117.099998,2.848,314,0.944
CFSHWISR,117.199997,2.857,315,0.942
CFSHWISR,116.599998,2.779,315,0.974
CFSHWISR,116.900002,2.881,315,0.937
CFSHWISR,117.599998,2.971,316,0.905
CFSHWISR,116.400002,2.967,316,0.921
CFSHWISR,116.099998,3.056,316,0.895
CFSHWISR,115.800003,3.057,316,0.897
CFSHWISR,116,3.147,316,0.865
CFSHWISR,116.300003,3.112,315,0.872
CFSHWISR,116.900002,2.937,316,0.924
CFSHWISR,117.800003,2.999,315,0.894
CFSHWISR,117.800003,2.981,316,0.901
CFSHWISR,117.800003,2.889,316,0.932
CFSHWISR,118,2.867,316,0.935
CFSHWISR,117.900002,2.97,316,0.904
CFSHWISR,117.5,2.945,316,0.915
CFSHWISR,117.300003,2.879,315,0.936
CFSHWISR,116.400002,2.901,315,0.939
CFSHWISR,116,2.882,315,0.949
CFSHWISR,115.699997,2.708,316,1
CFSHWISR,115.599998,2.704,316,1
CFSHWISR,115.900002,2.843,316,0.964
CFSHWISR,115.900002,2.844,316,0.965
CFSHWISR,116.099998,2.985,316,0.918
CFSHWISR,116.199997,3,316,0.911
CFSHWISR,116.599998,2.987,316,0.912
CFSHWISR,116.900002,3.009,317,0.905
CFSHWISR,116.599998,2.904,316,0.937
CFSHWISR,117.099998,2.926,316,0.924
CFSHWISR,118.300003,2.845,316,0.939
CFSHWISR,118.5,2.886,316,0.924
CFSHWISR,117.699997,3.061,317,0.88
CFSHWISR,116.699997,3.099,317,0.877
CFSHWISR,116,3.147,317,0.868
CFSHWISR,116.199997,3.131,317,0.872
CFSHWISR,116.400002,3.137,317,0.868
CFSHWISR,116.5,3.154,316,0.861
CFSHWISR,117,3.12,316,0.867
CFSHWISR,117.400002,3.087,317,0.874
CFSHWISR,117.300003,3.02,316,0.893
CFSHWISR,117.900002,2.981,316,0.9
CFSHWISR,117.900002,2.987,316,0.898
CFSHWISR,117.699997,2.996,317,0.898
CFSHWISR,116.900002,3.058,317,0.886
CFSHWISR,116.800003,3.075,316,0.881
CFSHWISR,117.099998,3.02,317,0.898
CFSHWISR,116.900002,3.055,317,0.891
CFSHWISR,117.099998,2.979,318,0.915
CFSHWISR,116.900002,2.975,318,0.917
CFSHWISR,116.5,2.931,318,0.935
CFSHWISR,115.800003,2.996,317,0.92
CFSHWISR,115.900002,3.147,317,0.87
CFSHWISR,116.5,3.144,318,0.867
CFSHWISR,116.599998,2.983,317,0.914
CFSHWISR,116.699997,2.982,317,0.914
CFSHWISR,117.599998,3.049,317,0.886
CFSHWISR,118.099998,2.976,317,0.901
CFSHWISR,116.300003,3.072,316,0.885
CFSHWISR,116.599998,2.938,316,0.926
CFSHWISR,116.400002,2.793,316,0.974
CFSHWISR,116.599998,2.975,315,0.915
CFSHWISR,116.400002,3.019,315,0.9
CFSHWISR,116.599998,2.92,315,0.93
CFSHWISR,117.599998,2.923,316,0.921
CFSHWISR,118.599998,2.846,316,0.937
CFSHWISR,119.099998,2.867,317,0.928
CFSHWISR,118.300003,2.874,317,0.933
CFSHWISR,117.800003,2.873,316,0.935
CFSHWISR,117.599998,2.969,315,0.904
CFSHWISR,117,2.954,315,0.914
CFSHWISR,117,2.938,315,0.918
CFSHWISR,117.699997,2.95,315,0.91
CFSHWISR,117.699997,2.94,316,0.915
CFSHWISR,117.599998,2.899,316,0.928
CFSHWISR,117.099998,2.93,316,0.926
CFSHWISR,117.199997,2.917,316,0.929
CFSHWISR,117.400002,2.75,315,0.977
CFSHWISR,116.400002,2.88,315,0.945
CFSHWISR,116.599998,3.006,316,0.906
CFSHWISR,116.099998,2.831,316,0.966
CFSHWISR,115.599998,2.698,315,1
CFSHWISR,115.800003,2.701,315,1
CFSHWISR,116.699997,2.793,315,0.97
CFSHWISR,116.699997,2.799,315,0.968
CFSHWISR,116.699997,2.812,316,0.965
CFSHWISR,117,2.817,316,0.961
CFSHWISR,116.400002,2.897,315,0.94
CFSHWISR,116.599998,2.91,315,0.932
CFSHWISR,117,2.94,315,0.92
CFSHWISR,117.300003,2.97,316,0.908
CFSHWISR,117.699997,3.035,316,0.885
CFSHWISR,118.099998,2.985,316,0.897
CFSHWISR,117.5,2.986,316,0.903
CFSHWISR,116.699997,3.101,316,0.875
CFSHWISR,116.599998,3.103,316,0.875
CFSHWISR,115.800003,3.135,315,0.869
CFSHWISR,116.199997,3.099,316,0.876
CFSHWISR,117.400002,3.002,316,0.897
CFSHWISR,117.800003,2.969,315,0.902
CFSHWISR,117.699997,2.979,315,0.898
CFSHWISR,117.699997,2.997,316,0.898
CFSHWISR,117.699997,2.981,316,0.902
CFSHWISR,117.800003,2.953,316,0.909
CFSHWISR,118,2.94,316,0.913
CFSHWISR,118,2.91,315,0.92
CFSHWISR,117.199997,2.934,316,0.922
CFSHWISR,117,2.921,315,0.927
CFSHWISR,117.599998,2.831,314,0.946
CFSHWISR,117.400002,2.745,307,0.955
CFSHWISR,117,2.65,293,0.95
CFSHWISR,117.199997,2.957,293,0.844
CFSHWISR,116.800003,2.988,293,0.839
CFSHWISR,116.099998,3.018,293,0.837
CFSHWISR,116,2.881,293,0.881
CFSHWISR,116.099998,2.83,294,0.896
CFSHWISR,117,2.891,294,0.87
CFSHWISR,118.400002,2.772,293,0.894
CFSHWISR,118.300003,2.804,293,0.884
CFSHWISR,119,0.949,97,0.291
CFSISR,119.099998,0.312,22,0.599
CFSISR,119.300003,0.312,22,0.598
CFSISR,120,0.314,22,0.59
CFSISR,119.400002,0.314,22,0.593
CFSISR,118.900002,0.312,22,0.601
CFSISR,118.900002,0.312,22,0.6
CFSISR,119.5,0.315,22,0.591
CFSISR,119.5,0.315,22,0.59
CFSISR,118.5,0.312,22,0.597
CFSISR,119.199997,0.314,22,0.593
CFSISR,119.199997,0.315,22,0.591
CFSISR,119.099998,0.315,22,0.59
CFSISR,118.900002,0.314,22,0.594
CFSISR,117.5,0.31,22,0.607
CFSISR,117.300003,0.309,22,0.61
CFSISR,117.699997,0.31,22,0.605
CFSISR,117.400002,0.308,22,0.614
CFSISR,117.300003,0.308,22,0.615
CFSISR,118.199997,0.307,22,0.611
CFSISR,118.400002,0.308,22,0.609
CFSISR,117.699997,0.309,22,0.609
CFSISR,118.400002,0.309,22,0.607
CFSISR,118.699997,0.309,22,0.604
CFSISR,117.900002,0.309,22,0.608
CFSISR,117.800003,0.309,22,0.608
CFSISR,117.800003,0.308,22,0.607
CFSISR,117.599998,0.31,22,0.609
CFSISR,117.900002,0.31,22,0.609
CFSISR,118.099998,0.31,22,0.606
CFSISR,117.699997,0.309,22,0.609
CFSISR,117.699997,0.308,22,0.61
CFSISR,117.699997,0.308,22,0.609
CFSISR,117.599998,0.308,22,0.611
CFSISR,117.199997,0.306,22,0.618
CFSISR,118.199997,0.308,22,0.606
CFSISR,118.099998,0.308,22,0.604
CFSISR,117.5,0.309,22,0.61
CFSISR,118.300003,0.312,22,0.6
CFSISR,118.199997,0.31,22,0.603
CFSISR,117.800003,0.308,22,0.61
CFSISR,118.300003,0.31,22,0.605
CFSISR,118.699997,0.312,22,0.598
CFSISR,117.300003,0.308,22,0.614
CFSISR,117.5,0.308,22,0.614
CFSISR,119.199997,0.312,22,0.594
CFSISR,117.699997,0.312,22,0.601
CFSISR,116.900002,0.309,22,0.61
CFSISR,118.900002,0.31,22,0.598
CFSISR,119.400002,0.313,22,0.59
CFSISR,118.099998,0.313,22,0.596
CFSISR,118.099998,0.312,22,0.599
CFSISR,118.699997,0.31,22,0.597
CFSISR,118.099998,0.309,22,0.603
CFSISR,118.5,0.311,22,0.597
CFSISR,118.5,0.312,22,0.597
CFSISR,118,0.312,22,0.6
CFSISR,118.300003,0.311,22,0.598
CFSISR,118,0.309,22,0.604
CFSISR,117.800003,0.308,22,0.607
CFSISR,118,0.307,22,0.609
CFSISR,117.800003,0.307,22,0.612
CFSISR,117.300003,0.305,22,0.616
CFSISR,118,0.306,22,0.609
CFSISR,118.199997,0.308,22,0.605
CFSISR,118.300003,0.311,22,0.6
CFSISR,118.199997,0.312,22,0.6
CFSISR,118,0.309,22,0.601
CFSISR,118.5,0.312,22,0.594
CFSISR,118.300003,0.312,22,0.595
CFSISR,118.099998,0.309,21,0.6
CFSISR,117.900002,0.309,21,0.602
CFSISR,117.900002,0.31,22,0.602
CFSISR,116.900002,0.307,22,0.614
CFSISR,116.900002,0.306,22,0.615
CFSISR,116.900002,0.305,22,0.618
CFSISR,117.400002,0.307,22,0.613
CFSISR,119,0.312,22,0.594
CFSISR,118.300003,0.311,22,0.6
CFSISR,117.599998,0.308,22,0.608
CFSISR,117.5,0.306,22,0.615
CFSISR,117.300003,0.305,22,0.618
CFSISR,117.599998,0.306,22,0.614
CFSISR,118.400002,0.31,22,0.602
CFSISR,118.599998,0.311,22,0.597
CFSISR,118.800003,0.312,22,0.597
CFSISR,118.099998,0.311,22,0.604
CFSISR,118,0.309,22,0.606
CFSISR,118,0.308,22,0.606
CFSISR,118,0.31,22,0.603
CFSISR,118,0.31,22,0.604
CFSISR,117.699997,0.308,22,0.61
CFSISR,118.199997,0.31,22,0.605
CFSISR,119.099998,0.313,22,0.596
CFSISR,118.199997,0.309,22,0.604
CFSISR,117.900002,0.309,22,0.605
CFSISR,118.599998,0.313,22,0.596
CFSISR,118.300003,0.312,22,0.6
CFSISR,118.300003,0.31,22,0.602
CFSISR,118.400002,0.313,22,0.596
CFSISR,118.099998,0.312,22,0.6
CFSISR,117.800003,0.309,22,0.609
CFSISR,118.300003,0.311,22,0.601
CFSISR,118.199997,0.31,22,0.604
CFSISR,116.900002,0.306,22,0.62
CFSISR,116.900002,0.306,22,0.618
CFSISR,117,0.306,22,0.618
CFSISR,116.599998,0.306,22,0.622
CFSISR,117.199997,0.306,22,0.617
CFSISR,118.199997,0.309,22,0.607
CFSISR,118.400002,0.311,22,0.603
CFSISR,119.400002,0.308,22,0.603
CFSISR,119.199997,0.311,22,0.598
CFSISR,119.199997,0.313,22,0.593
CFSISR,118.300003,0.31,22,0.603
CFSISR,117.400002,0.308,22,0.613
CFSISR,117.099998,0.306,22,0.618
CFSISR,117.900002,0.307,22,0.611
CFSISR,118.599998,0.31,22,0.601
CFSISR,118.5,0.313,22,0.596
CFSISR,117.699997,0.309,22,0.606
CFSISR,117.199997,0.306,22,0.615
CFSISR,117.199997,0.307,22,0.614
CFSISR,117.199997,0.306,22,0.618
CFSISR,117.400002,0.307,22,0.615
CFSISR,118.400002,0.309,22,0.604
CFSISR,118.900002,0.313,22,0.597
CFSISR,117.5,0.308,22,0.611
CFSISR,117.199997,0.306,22,0.618
CFSISR,117.699997,0.307,22,0.614
CFSISR,118.199997,0.308,22,0.607
CFSISR,118.900002,0.31,22,0.6
CFSISR,119,0.311,22,0.598
CFSISR,117.599998,0.308,22,0.61
CFSISR,116.699997,0.306,22,0.619
CFSISR,116.800003,0.306,22,0.618
CFSISR,117.800003,0.306,22,0.616
CFSISR,118.400002,0.306,22,0.609
CFSISR,118.800003,0.311,22,0.598
CFSISR,118.800003,0.313,22,0.594
CFSISR,118.800003,0.311,22,0.597
CFSISR,118.900002,0.311,22,0.595
CFSISR,118.199997,0.31,22,0.602
CFSISR,117.800003,0.309,22,0.608
CFSISR,117.5,0.308,22,0.613
CFSISR,117.599998,0.309,22,0.61
CFSISR,118,0.308,22,0.607
CFSISR,119.300003,0.31,22,0.6
CFSISR,119.599998,0.311,22,0.596
CFSISR,118.699997,0.312,22,0.595
CFSISR,118.199997,0.31,22,0.602
CFSISR,118,0.309,22,0.604
CFSISR,117.599998,0.308,22,0.61
CFSISR,117.199997,0.307,22,0.616
CFSISR,117.699997,0.309,22,0.609
CFSISR,117.400002,0.307,22,0.615
CFSISR,117.400002,0.307,22,0.616
CFSISR,116.900002,0.305,22,0.619
CFSISR,117.099998,0.305,22,0.619
CFSISR,117.199997,0.305,22,0.619
CFSISR,117.900002,0.306,22,0.612
CFSISR,118.400002,0.308,22,0.606
CFSISR,119.099998,0.311,22,0.596
CFSISR,118.5,0.31,22,0.603
CFSISR,118.599998,0.309,22,0.603
CFSISR,119.199997,0.313,22,0.594
CFSISR,118.699997,0.313,22,0.597
CFSISR,118.599998,0.312,22,0.601
CFSISR,118.5,0.311,22,0.605
CFSISR,118.599998,0.31,22,0.604
CFSISR,117.099998,0.306,22,0.618
CFSISR,116.699997,0.305,22,0.622
CFSISR,117.099998,0.306,22,0.621
CFSISR,117.400002,0.306,22,0.62
CFSISR,118.400002,0.307,22,0.611
CFSISR,118,0.306,22,0.615
CFSISR,118.099998,0.307,22,0.614
CFSISR,118.199997,0.307,22,0.613
CFSISR,117.400002,0.306,22,0.618
CFSISR,117.699997,0.306,22,0.616
CFSISR,117.400002,0.306,22,0.621
CFSISR,116.900002,0.306,22,0.622
CFSISR,117.099998,0.306,22,0.618
CFSISR,117.599998,0.306,22,0.618
CFSISR,117.400002,0.306,22,0.62
CFSISR,118.199997,0.31,22,0.608
CFSISR,118.300003,0.311,22,0.605
CFSISR,117.199997,0.308,22,0.616
CFSISR,117.699997,0.31,22,0.608
CFSISR,118,0.311,22,0.606
CFSISR,117.400002,0.309,22,0.613
CFSISR,117.400002,0.308,22,0.615
CFSISR,117.599998,0.311,22,0.609
CFSISR,117.400002,0.31,22,0.613
CFSISR,117.900002,0.31,22,0.612
CFSISR,116.900002,0.308,22,0.616
CFSISR,117,0.308,22,0.614
CFSISR,117.800003,0.31,22,0.609
CFSISR,118.400002,0.309,22,0.609
CFSISR,118.699997,0.31,22,0.606
CFSISR,118.699997,0.312,22,0.601
CFSISR,119.300003,0.315,22,0.595
CFSISR,119,0.315,22,0.596
CFSISR,119.300003,0.314,22,0.595
CFSISR,119.5,0.313,22,0.596
CFSISR,118.599998,0.311,22,0.605
CFSISR,118.300003,0.311,22,0.607
CFSISR,118.300003,0.311,22,0.607
CFSISR,118.599998,0.311,22,0.602
CFSISR,118.300003,0.311,22,0.604
CFSISR,117.199997,0.309,22,0.615
CFSISR,117.099998,0.308,22,0.617
CFSISR,118.099998,0.31,22,0.61
CFSISR,118.300003,0.309,22,0.609
CFSISR,118.5,0.309,22,0.606
CFSISR,118.300003,0.309,22,0.609
CFSISR,119.599998,0.314,22,0.59
CFSISR,119.300003,0.314,22,0.592
CFSISR,118,0.311,22,0.607
CFSISR,118,0.309,22,0.613
CFSISR,118.099998,0.308,22,0.614
CFSISR,118.099998,0.309,22,0.61
CFSISR,117.199997,0.308,22,0.615
CFSISR,118.099998,0.31,22,0.611
CFSISR,119.599998,0.313,22,0.597
CFSISR,119.300003,0.314,22,0.596
CFSISR,117.800003,0.309,22,0.613
CFSISR,118.099998,0.309,22,0.611
CFSISR,117.900002,0.31,22,0.611
CFSISR,117.300003,0.308,22,0.618
CFSISR,118.099998,0.31,22,0.613
CFSISR,118.5,0.31,22,0.607
CFSISR,118,0.307,22,0.615
CFSISR,118.5,0.311,22,0.607
CFSISR,118,0.311,22,0.608
CFSISR,118.5,0.312,22,0.605
CFSISR,117.699997,0.309,22,0.612
CFSISR,116.900002,0.308,22,0.618
CFSISR,118.699997,0.311,22,0.605
CFSISR,119.099998,0.31,22,0.603
CFSISR,118.400002,0.309,22,0.608
CFSISR,117.900002,0.307,22,0.616
CFSISR,118,0.307,22,0.618
CFSISR,118.599998,0.309,22,0.609
CFSISR,118.900002,0.309,22,0.605
CFSISR,119,0.311,22,0.603
CFSISR,119.900002,0.314,22,0.596
CFSISR,119.800003,0.314,22,0.597
CFSISR,119.5,0.313,22,0.598
CFSISR,119.5,0.312,22,0.598
CFSISR,118.900002,0.309,22,0.607
CFSISR,118.300003,0.309,22,0.614
CFSISR,118.199997,0.309,22,0.614
CFSISR,118.900002,0.313,22,0.602
CFSISR,118.900002,0.311,22,0.606
CFSISR,118.900002,0.308,22,0.611
CFSISR,119.300003,0.31,22,0.605
CFSISR,119.699997,0.314,22,0.593
CFSISR,118.5,0.307,22,0.616
CFSISR,117.599998,0.305,22,0.622
CFSISR,117.400002,0.306,22,0.619
CFSISR,118,0.309,22,0.609
CFSISR,119.099998,0.312,22,0.601
CFSISR,119.300003,0.313,22,0.596
CFSISR,118.599998,0.312,22,0.601
CFSISR,118.699997,0.313,22,0.603
CFSISR,118.099998,0.31,22,0.609
CFSISR,117.699997,0.309,22,0.611
CFSISR,118.099998,0.309,22,0.608
CFSISR,117.599998,0.307,22,0.617
CFSISR,117.599998,0.306,22,0.62
CFSISR,118.900002,0.31,22,0.607
CFSISR,119.699997,0.312,22,0.599
CFSISR,118.400002,0.309,22,0.612
CFSISR,117.300003,0.306,22,0.621
CFSISR,118.099998,0.306,22,0.619
CFSISR,118.699997,0.31,22,0.608
CFSISR,118.5,0.312,22,0.605
CFSISR,118.099998,0.309,22,0.612
CFSISR,118.5,0.308,22,0.611
CFSISR,119,0.309,22,0.609
CFSISR,119.199997,0.311,22,0.602
CFSISR,118.300003,0.309,22,0.611
CFSISR,117.400002,0.306,22,0.62
CFSISR,118.099998,0.308,22,0.612
CFSISR,118.900002,0.31,22,0.604
CFSISR,118.800003,0.31,22,0.605
CFSISR,117.699997,0.308,22,0.615
CFSISR,117.599998,0.307,22,0.617
CFSISR,118.599998,0.308,22,0.607
CFSISR,119.699997,0.313,22,0.592
CFSISR,119.099998,0.311,22,0.6
CFSISR,118.599998,0.308,22,0.608
CFSISR,119,0.309,22,0.606
CFSISR,118.800003,0.31,22,0.606
CFSISR,118.199997,0.31,22,0.609
CFSISR,117.5,0.308,22,0.617
CFSISR,118.099998,0.308,22,0.612
CFSISR,118.199997,0.308,22,0.612
CFSISR,118.900002,0.307,22,0.609
CFSISR,119.599998,0.312,22,0.599
CFSISR,119.699997,0.313,22,0.596
CFSISR,119.599998,0.313,22,0.598
CFSISR,119.199997,0.314,22,0.599
CFSISR,118.699997,0.312,22,0.601
CFSISR,118.5,0.309,22,0.607
CFSISR,118.5,0.311,22,0.604
CFSISR,118.099998,0.309,22,0.609
CFSISR,117.599998,0.305,22,0.622
CFSISR,117.400002,0.305,22,0.624
CFSISR,119.099998,0.309,22,0.607
CFSISR,118.800003,0.311,22,0.601
CFSISR,118.5,0.311,22,0.603
CFSISR,118.599998,0.308,22,0.608
CFSISR,117.800003,0.307,22,0.615
CFSISR,118,0.307,22,0.611
CFSISR,119.599998,0.311,22,0.594
CFSISR,119.099998,0.312,22,0.597
CFSISR,118,0.309,22,0.609
CFSISR,117.599998,0.308,22,0.616
CFSISR,118.099998,0.308,22,0.614
CFSISR,118.300003,0.307,22,0.613
CFSISR,118.599998,0.308,22,0.609
CFSISR,118.5,0.306,22,0.613
CFSISR,118.199997,0.306,22,0.614
CFSISR,118.900002,0.309,22,0.604
CFSISR,119.300003,0.311,22,0.601
CFSISR,119.5,0.313,22,0.595
CFSISR,119.300003,0.312,22,0.601
CFSISR,119.300003,0.312,22,0.601
CFSISR,119.800003,0.315,22,0.591
CFSISR,119.699997,0.313,22,0.596
CFSISR,119.800003,0.313,22,0.596
CFSISR,119.800003,0.312,22,0.597
CFSISR,119.599998,0.31,22,0.602
CFSISR,118.300003,0.306,22,0.617
CFSISR,117.800003,0.306,22,0.622
CFSISR,117.5,0.306,22,0.625
CFSISR,117.300003,0.306,22,0.624
CFSISR,118.099998,0.308,22,0.615
CFSISR,119.199997,0.312,22,0.603
CFSISR,119.800003,0.312,22,0.6
CFSISR,118.400002,0.309,22,0.614
CFSISR,118.199997,0.306,22,0.617
CFSISR,118.199997,0.307,22,0.615
CFSISR,118.599998,0.311,22,0.605
CFSISR,118.599998,0.312,22,0.603
CFSISR,118.900002,0.313,22,0.601
CFSISR,119.099998,0.311,22,0.604
CFSISR,119.099998,0.311,22,0.604
CFSISR,118.900002,0.309,22,0.61
CFSISR,119,0.308,22,0.61
CFSISR,118.699997,0.309,22,0.608
CFSISR,118.199997,0.308,22,0.613
CFSISR,118.599998,0.31,22,0.608
CFSISR,119.400002,0.312,22,0.6
CFSISR,119,0.31,22,0.604
CFSISR,117.800003,0.309,22,0.613
CFSISR,117.5,0.308,22,0.62
CFSISR,117.5,0.306,22,0.626
CFSISR,117.5,0.306,22,0.626
CFSISR,118,0.307,22,0.62
CFSISR,119,0.308,22,0.607
CFSISR,120.099998,0.313,22,0.595
CFSISR,120.099998,0.314,22,0.594
CFSISR,119.800003,0.315,22,0.594
CFSISR,118.400002,0.311,22,0.607
CFSISR,118.099998,0.31,22,0.612
CFSISR,118.300003,0.308,22,0.612
CFSISR,118,0.307,22,0.616
CFSISR,118.400002,0.309,22,0.613
CFSISR,118.599998,0.308,22,0.611
CFSISR,119,0.31,22,0.607
CFSISR,119.199997,0.31,22,0.606
CFSISR,119.400002,0.312,22,0.601
CFSISR,119.599998,0.314,22,0.595
CFSISR,119.099998,0.313,22,0.6
CFSISR,118.800003,0.312,22,0.601
CFSISR,117.900002,0.309,22,0.615
CFSISR,117.599998,0.308,22,0.619
CFSISR,117.800003,0.308,22,0.62
CFSISR,118.199997,0.307,22,0.618
CFSISR,118.400002,0.307,22,0.614
CFSISR,118.800003,0.31,22,0.604
CFSISR,120.099998,0.312,22,0.593
CFSISR,119.599998,0.312,22,0.596
CFSISR,119,0.311,22,0.604
CFSISR,118.300003,0.308,22,0.613
CFSISR,118.199997,0.307,22,0.614
CFSISR,117.699997,0.308,22,0.618
CFSISR,117.800003,0.307,22,0.619
CFSISR,117.699997,0.306,22,0.62
CFSISR,118.400002,0.306,22,0.616
CFSISR,118.400002,0.307,22,0.615
CFSISR,117.800003,0.306,22,0.621
CFSISR,117.800003,0.306,22,0.621
CFSISR,118.199997,0.309,22,0.615
CFSISR,119,0.309,22,0.61
CFSISR,118.599998,0.307,22,0.615
CFSISR,119.300003,0.307,22,0.609
CFSISR,120.099998,0.309,22,0.603
CFSISR,120.099998,0.313,22,0.598
CFSISR,120.099998,0.315,22,0.592
CFSISR,119.900002,0.314,22,0.593
CFSISR,118.800003,0.31,22,0.609
CFSISR,118.699997,0.31,22,0.61
CFSISR,118.900002,0.31,22,0.609
CFSISR,119,0.31,22,0.608
CFSISR,119.400002,0.312,22,0.602
CFSISR,118.699997,0.31,22,0.61
CFSISR,118.400002,0.31,22,0.614
CFSISR,118.599998,0.309,22,0.614
CFSISR,118.300003,0.308,22,0.616
CFSISR,118.599998,0.308,22,0.616
CFSISR,119,0.308,22,0.611
CFSISR,119.099998,0.309,22,0.612
CFSISR,118.900002,0.308,22,0.615
CFSISR,118.199997,0.308,22,0.616
CFSISR,118.599998,0.309,22,0.611
CFSISR,118.699997,0.31,22,0.608
CFSISR,117.900002,0.308,22,0.614
CFSISR,119.199997,0.312,22,0.6
CFSISR,119.400002,0.314,22,0.596
CFSISR,119.099998,0.312,22,0.607
CFSISR,119.400002,0.313,22,0.604
CFSISR,119.400002,0.314,22,0.597
CFSISR,119.800003,0.313,22,0.595
CFSISR,119.699997,0.313,22,0.595
CFSISR,118.5,0.31,22,0.609
CFSISR,117.900002,0.309,22,0.616
CFSISR,118.199997,0.308,22,0.616
CFSISR,118.400002,0.309,22,0.614
CFSISR,118.5,0.308,22,0.614
CFSISR,118.900002,0.309,22,0.612
CFSISR,119.300003,0.31,22,0.608
CFSISR,120.400002,0.313,22,0.596
CFSISR,119.300003,0.313,22,0.601
CFSISR,119.199997,0.313,22,0.601
CFSISR,120.400002,0.313,22,0.596
CFSISR,119.800003,0.312,22,0.601
CFSISR,119.599998,0.312,22,0.601
CFSISR,120.300003,0.316,22,0.593
CFSISR,120.300003,0.316,22,0.592
CFSISR,119.5,0.312,22,0.601
CFSISR,120.199997,0.314,22,0.594
CFSISR,120.099998,0.315,22,0.592
CFSISR,119.400002,0.313,22,0.601
CFSISR,119.199997,0.311,22,0.607
CFSISR,119.800003,0.313,22,0.595
CFSISR,119.599998,0.315,22,0.591
CFSISR,119.900002,0.315,22,0.592
CFSISR,119.599998,0.312,22,0.601
CFSISR,120.300003,0.311,22,0.601
CFSISR,120.199997,0.311,22,0.6
CFSISR,119.400002,0.313,22,0.6
CFSISR,119,0.312,22,0.603
CFSISR,118.599998,0.312,22,0.603
CFSISR,118.300003,0.31,22,0.611
CFSISR,118.400002,0.309,22,0.614
CFSISR,117.5,0.308,22,0.623
CFSISR,117.5,0.308,22,0.622
CFSISR,118,0.307,22,0.62
CFSISR,118.5,0.307,22,0.618
CFSISR,119.300003,0.308,22,0.613
CFSISR,119.099998,0.309,22,0.612
CFSISR,119.099998,0.309,22,0.611
CFSISR,118.699997,0.309,22,0.613
CFSISR,119.699997,0.311,22,0.602
CFSISR,120,0.313,22,0.599
CFSISR,119.300003,0.314,22,0.601
CFSISR,118.599998,0.312,22,0.608
CFSISR,118.5,0.311,22,0.608
CFSISR,118.300003,0.31,22,0.614
CFSISR,119.199997,0.311,22,0.61
CFSISR,120,0.311,22,0.606
CFSISR,119.199997,0.309,22,0.614
CFSISR,119.400002,0.31,22,0.608
CFSISR,119.900002,0.311,22,0.601
CFSISR,120.400002,0.314,22,0.596
CFSISR,120.199997,0.314,22,0.597
CFSISR,120.599998,0.316,22,0.589
CFSISR,120.300003,0.315,22,0.594
CFSISR,120.099998,0.314,22,0.596
CFSISR,120.300003,0.314,22,0.594
CFSISR,120.400002,0.314,22,0.593
CFSISR,120,0.316,22,0.595
CFSISR,120.199997,0.316,22,0.593
CFSISR,119.800003,0.313,22,0.598
CFSISR,120,0.313,22,0.599
CFSISR,119.900002,0.312,22,0.602
CFSISR,118.900002,0.31,22,0.611
CFSISR,118.800003,0.309,22,0.614
CFSISR,118.900002,0.307,22,0.62
CFSISR,118.5,0.307,22,0.618
CFSISR,117.699997,0.307,22,0.622
CFSISR,117.599998,0.307,22,0.621
CFSISR,118.599998,0.309,22,0.611
CFSISR,118.900002,0.31,22,0.608
CFSISR,119.599998,0.314,22,0.6
CFSISR,120,0.315,22,0.593
CFSISR,119.199997,0.31,22,0.606
CFSISR,119.400002,0.311,22,0.603
CFSISR,119.599998,0.313,22,0.6
CFSISR,119.300003,0.312,22,0.604
CFSISR,119.300003,0.311,22,0.604
CFSISR,120.300003,0.312,22,0.596
CFSISR,119.800003,0.313,22,0.599
CFSISR,119.699997,0.313,22,0.598
CFSISR,119.199997,0.312,22,0.601
CFSISR,118.800003,0.312,22,0.607
CFSISR,118.300003,0.308,22,0.616
CFSISR,119,0.31,22,0.606
CFSISR,120,0.311,22,0.599
CFSISR,120.199997,0.312,22,0.596
CFSISR,119.900002,0.311,22,0.6
CFSISR,118.099998,0.31,22,0.612
CFSISR,117.800003,0.308,22,0.618
CFSISR,118.300003,0.307,22,0.616
CFSISR,118.5,0.309,22,0.613
CFSISR,118.900002,0.31,22,0.611
CFSISR,120.199997,0.314,22,0.593
CFSISR,120.099998,0.315,22,0.592
CFSISR,119.800003,0.311,22,0.6
CFSISR,119.099998,0.308,22,0.612
CFSISR,118.300003,0.306,22,0.621
CFSISR,118.900002,0.308,22,0.613
CFSISR,118.300003,0.308,22,0.616
CFSISR,118.199997,0.31,22,0.613
CFSISR,118.900002,0.312,22,0.607
CFSISR,119.199997,0.312,22,0.604
CFSISR,119.800003,0.313,22,0.597
CFSISR,119.5,0.312,22,0.6
CFSISR,120,0.31,22,0.603
CFSISR,119.400002,0.309,22,0.609
CFSISR,118.199997,0.306,22,0.618
CFSISR,117.800003,0.306,22,0.621
CFSISR,118.400002,0.309,22,0.613
CFSISR,117.400002,0.308,22,0.622
CFSISR,117.300003,0.308,22,0.622
CFSISR,118.300003,0.31,22,0.613
CFSISR,118.699997,0.312,22,0.608
CFSISR,118.099998,0.309,22,0.614
CFSISR,117.5,0.308,22,0.619
CFSISR,117.599998,0.308,22,0.619
CFSISR,117.400002,0.307,22,0.623
CFSISR,117.699997,0.306,22,0.623
CFSISR,118.900002,0.308,22,0.612
CFSISR,119,0.307,22,0.613
CFSISR,118.800003,0.307,22,0.614
CFSISR,119.199997,0.308,22,0.61
CFSISR,119.5,0.311,22,0.601
CFSISR,119,0.311,22,0.602
CFSISR,118.099998,0.309,22,0.611
CFSISR,118.5,0.309,22,0.607
CFSISR,118.400002,0.306,22,0.617
CFSISR,118.5,0.309,22,0.611
CFSISR,118.5,0.312,22,0.606
CFSISR,117.900002,0.308,22,0.618
CFSISR,118.900002,0.308,22,0.611
CFSISR,119.099998,0.309,22,0.605
CFSISR,118.099998,0.309,22,0.614
CFSISR,117.199997,0.308,22,0.621
CFSSBHWISR,116.199997,3.614,380,0.903
CFSSBHWISR,115.900002,3.62,380,0.906
CFSSBHWISR,115.900002,3.627,380,0.904
CFSSBHWISR,116.5,3.543,380,0.923
CFSSBHWISR,116.099998,3.626,380,0.903
CFSSBHWISR,116.300003,3.618,380,0.904
CFSSBHWISR,116.300003,3.416,381,0.961
CFSSBHWISR,116.5,3.507,381,0.934
CFSSBHWISR,116.599998,3.518,381,0.93
CFSSBHWISR,116.599998,3.437,380,0.951
CFSSBHWISR,115.699997,3.4,380,0.969
CFSSBHWISR,115.199997,3.374,380,0.982
CFSSBHWISR,115.099998,3.687,381,0.898
CFSSBHWISR,115.300003,3.683,381,0.897
CFSSBHWISR,115.5,3.684,381,0.895
CFSSBHWISR,115.400002,3.537,381,0.936
CFSSBHWISR,115.800003,3.395,380,0.971
CFSSBHWISR,116.099998,3.406,380,0.964
CFSSBHWISR,115.5,3.387,380,0.975
CFSSBHWISR,115.699997,3.232,380,1
CFSSBHWISR,115.300003,3.372,380,0.981
CFSSBHWISR,115.599998,3.621,380,0.909
CFSSBHWISR,115.800003,3.608,381,0.911
CFSSBHWISR,115.699997,3.609,382,0.915
CFSSBHWISR,115.699997,3.599,382,0.917
CFSSBHWISR,116.699997,3.52,382,0.929
CFSSBHWISR,115.599998,3.501,382,0.946
CFSSBHWISR,115.199997,3.521,382,0.944
CFSSBHWISR,116.099998,3.606,381,0.912
CFSSBHWISR,116.099998,3.534,381,0.93
CFSSBHWISR,116.599998,3.485,381,0.938
CFSSBHWISR,117.099998,3.47,380,0.936
CFSSBHWISR,117.099998,3.401,380,0.954
CFSSBHWISR,116.5,3.271,380,0.997
CFSSBHWISR,115.599998,3.371,380,0.977
CFSSBHWISR,115.300003,3.362,379,0.982
CFSSBHWISR,116.099998,3.239,379,1
CFSSBHWISR,116.599998,3.328,380,0.98
CFSSBHWISR,116.599998,3.488,380,0.935
CFSSBHWISR,117.699997,3.331,379,0.967
CFSSBHWISR,117.800003,3.346,379,0.961
CFSSBHWISR,116.599998,3.302,379,0.984
CFSSBHWISR,116.400002,3.304,378,0.985
CFSSBHWISR,117.400002,3.359,379,0.96
CFSSBHWISR,116.800003,3.421,379,0.949
CFSSBHWISR,116.599998,3.406,379,0.955
CFSSBHWISR,117.199997,3.358,379,0.964
CFSSBHWISR,116.400002,3.332,379,0.978
CFSSBHWISR,116.199997,3.426,379,0.954
CFSSBHWISR,115.699997,3.605,378,0.906
CFSSBHWISR,115.199997,3.492,378,0.942
CFSSBHWISR,116.099998,3.301,379,0.991
CFSSBHWISR,115.400002,3.366,379,0.978
CFSSBHWISR,115.5,3.382,379,0.971
CFSSBHWISR,116.599998,3.315,379,0.98
CFSSBHWISR,116.800003,3.31,379,0.981
CFSSBHWISR,116.900002,3.305,379,0.981
CFSSBHWISR,116.5,3.31,378,0.981
CFSSBHWISR,115.699997,3.396,379,0.967
CFSSBHWISR,115.699997,3.38,379,0.971
CFSSBHWISR,116.199997,3.235,379,1
CFSSBHWISR,115.900002,3.234,379,1
CFSSBHWISR,120,0.879,104,0.989
CFSSBHWISR,120.099998,0.874,104,0.994
CFSSBHWISR,121.099998,0.866,104,0.993
CFSSBHWISR,120.800003,0.868,104,0.994
CFSSBISR,118,1.02,117,0.971
CFSSBISR,118.400002,1.018,117,0.97
CFSSBISR,118.400002,1.019,117,0.971
CFSSBISR,117.699997,1.021,117,0.977
CFSSBISR,117.599998,1.022,117,0.976
CFSSBISR,118.199997,1.021,117,0.973
CFSSBISR,119.300003,1.019,117,0.967
CFSSBISR,119.5,1.015,117,0.969
CFSSBISR,118.699997,1.009,117,0.982
CFSSBISR,117.800003,1.023,117,0.977
CFSSBISR,118.599998,1.021,118,0.974
CFSSBISR,118.199997,1.019,117,0.976
CFSSBISR,118.300003,1.016,117,0.976
CFSSBISR,118.099998,1.015,117,0.98
CFSSBISR,117.199997,1.022,117,0.982
CFSSBISR,118.099998,1.019,117,0.976
CFSSBISR,117.800003,1.014,117,0.981
CFSSBISR,119,1.018,117,0.968
CFSSBISR,117,1.024,117,0.979
CFSSBISR,118.300003,1.021,117,0.972
CFSSBISR,118.599998,1.018,117,0.973
CFSSBISR,118.900002,1.016,117,0.972
CFSSBISR,118.800003,1.021,117,0.966
CFSSBISR,119,1.019,117,0.966
CFSSBISR,118.599998,1.02,117,0.968
CFSSBISR,117,1.021,117,0.979
CFSSBISR,117.800003,1.015,117,0.981
CFSSBISR,117.900002,1.009,117,0.986
CFSSBISR,118,1.007,117,0.986
CFSSBISR,118.5,1.01,117,0.98
CFSSBISR,118.900002,1.012,117,0.975
CFSSBISR,117.5,1.021,117,0.977
CFSSBISR,117.099998,1.019,117,0.983
CFSSBISR,117.699997,1.013,117,0.984
CFSSBISR,117.599998,1.011,117,0.987
CFSSBISR,117.900002,1.014,117,0.983
CFSSBISR,119.199997,1.005,117,0.981
CFSSBISR,119.099998,1.009,117,0.979
CFSSBISR,118.400002,1.016,118,0.981
CFSSBISR,118.400002,1.017,118,0.98
CFSSBISR,119.300003,1.015,117,0.972
CFSSBISR,119.199997,1.012,117,0.976
CFSSBISR,119,1.012,117,0.979
CFSSBISR,118.900002,1.009,117,0.982
CFSSBISR,118.5,1.014,118,0.981
CFSSBISR,118.199997,1.02,118,0.977
CFSSBISR,118.400002,1.023,117,0.973
CFSSBISR,119.199997,1.024,118,0.966
CFSSBISR,119.800003,1.023,118,0.963
CFSSBISR,118.400002,1.019,118,0.979
CFSSBISR,118,1.014,118,0.988
CFSSBISR,117.400002,1.021,118,0.986
CFSSBISR,118.099998,1.023,118,0.977
CFSSBISR,118.900002,1.021,118,0.971
CFSSBISR,119.099998,1.017,118,0.974
CFSSBISR,119.099998,1.012,118,0.978
CFSSBISR,118.800003,1.013,117,0.976
CFSSBISR,118.900002,1.005,117,0.984
CFSSBISR,118.800003,1.006,117,0.986
CFSSBISR,117.699997,1.011,117,0.99
CFSSBISR,118.199997,1.012,117,0.984
CFSSBISR,118.099998,1.012,117,0.985
CFSSBISR,118.300003,1.008,117,0.987
CFSSBISR,117.400002,1.018,117,0.984
CFSSBISR,117.900002,1.018,117,0.98
CFSSBISR,118.699997,1.007,117,0.982
CFSSBISR,118.699997,1.006,117,0.984
CFSSBISR,118.199997,1.006,117,0.987
CFSSBISR,119,1.015,117,0.971
CFSSBISR,119,1.019,117,0.968
CFSSBISR,118.199997,1.021,117,0.975
CFSSBISR,118.099998,1.02,117,0.976
CFSSBISR,117.800003,1.022,117,0.976
CFSSBISR,117,1.024,117,0.982
CFSSBISR,117.099998,1.02,117,0.985
CFSSBISR,117.300003,1.013,117,0.989
CFSSBISR,117.5,1.012,117,0.988
CFSSBISR,116.300003,1.017,117,0.994
CFSSBISR,117.300003,1.015,117,0.985
CFSSBISR,117.599998,1.015,117,0.982
CFSSBISR,117.199997,1.015,117,0.988
CFSSBISR,117.400002,1.011,117,0.99
CFSSBISR,117.5,1.014,117,0.985
CFSSBISR,118.400002,1.015,117,0.976
CFSSBISR,118.5,1.014,117,0.976
CFSSBISR,118.199997,1.005,117,0.988
CFSSBISR,118.599998,1.005,117,0.986
CFSSBISR,118.400002,1.008,117,0.985
CFSSBISR,118.400002,1.008,117,0.985
CFSSBISR,118.300003,1.011,117,0.982
CFSSBISR,118.5,1.011,117,0.98
CFSSBISR,119.099998,1.004,117,0.982
CFSSBISR,118.199997,1.013,117,0.982
CFSSBISR,117.800003,1.014,117,0.983
CFSSBISR,117.800003,1.01,117,0.986
CFSSBISR,118.5,1.01,117,0.98
CFSSBISR,118.5,1.011,117,0.98
CFSSBISR,118.300003,1.01,117,0.983
CFSSBISR,119.099998,1.008,117,0.979
CFSSBISR,117.599998,1.015,117,0.985
CFSSBISR,117,1.015,117,0.986
CFSSBISR,117.099998,1.017,117,0.983
CFSSBISR,117,1.023,117,0.979
CFSSBISR,117.400002,1.022,117,0.977
CFSSBISR,117.800003,1.021,117,0.975
CFSSBISR,117.699997,1.017,117,0.981
CFSSBISR,118.300003,1.011,117,0.978
CFSSBISR,117.900002,1.011,117,0.984
CFSSBISR,117.5,1.011,117,0.986
CFSSBISR,117.599998,1.012,117,0.984
CFSSBISR,117.900002,1.023,117,0.974
CFSSBISR,118.199997,1.025,117,0.97
CFSSBISR,117.699997,1.019,117,0.978
CFSSBISR,118,1.018,117,0.974
CFSSBISR,117.699997,1.02,117,0.974
CFSSBISR,118.300003,1.021,117,0.97
CFSSBISR,118.300003,1.021,117,0.969
CFSSBISR,118,1.021,117,0.973
CFSSBISR,118.599998,1.013,117,0.976
CFSSBISR,119.099998,1.009,117,0.977
CFSSBISR,117.699997,1.013,117,0.984
CFSSBISR,117.400002,1.01,117,0.99
CFSSBISR,117.699997,1.011,117,0.988
CFSSBISR,117.199997,1.018,117,0.982
CFSSBISR,117,1.023,117,0.979
CFSSBISR,117.699997,1.019,117,0.978
CFSSBISR,118.199997,1.02,117,0.975
CFSSBISR,118,1.022,117,0.976
CFSSBISR,118.5,1.016,117,0.978
CFSSBISR,117.699997,1.015,117,0.983
CFSSBISR,117.199997,1.016,117,0.986
CFSSBISR,118.800003,1.014,117,0.976
CFSSBISR,119.099998,1.006,117,0.979
CFSSBISR,117.400002,1.018,117,0.98
CFSSBISR,116.900002,1.026,117,0.978
CFSSBISR,118.099998,1.024,117,0.973
CFSSBISR,118.599998,1.012,117,0.981
CFSSBISR,118.300003,1.009,117,0.986
CFSSBISR,117.800003,1.015,117,0.984
CFSSBISR,118.099998,1.025,117,0.97
CFSSBISR,118.599998,1.023,117,0.967
CFSSBISR,119.099998,1.014,117,0.971
CFSSBISR,118.900002,1.011,117,0.976
CFSSBISR,118.800003,1.009,117,0.98
CFSSBISR,118.300003,1.005,117,0.988
CFSSBISR,117.099998,1.012,117,0.99
CFSSBISR,117.300003,1.012,117,0.989
CFSSBISR,118.900002,1.005,117,0.982
CFSSBISR,119.300003,1.007,117,0.977
CFSSBISR,119.099998,1.012,117,0.975
CFSSBISR,117.800003,1.024,117,0.973
CFSSBISR,117.5,1.025,117,0.973
CFSSBISR,118,1.017,117,0.978
CFSSBISR,117.900002,1.012,117,0.983
CFSSBISR,117.800003,1.005,117,0.99
CFSSBISR,117.900002,1.017,117,0.98
CFSSBISR,117.599998,1.024,117,0.974
CFSSBISR,117.300003,1.018,117,0.981
CFSSBISR,117.099998,1.015,117,0.985
CFSSBISR,116.900002,1.019,117,0.984
CFSSBISR,118.199997,1.008,117,0.983
CFSSBISR,118.699997,1.006,117,0.982
CFSSBISR,118.400002,1.007,117,0.985
CFSSBISR,118.400002,1.007,117,0.984
CFSSBISR,118.199997,1.011,117,0.984
CFSSBISR,118.199997,1.011,117,0.983
CFSSBISR,118.400002,1.012,117,0.978
CFSSBISR,118.699997,1.011,117,0.977
CFSSBISR,118.5,1.012,117,0.978
CFSSBISR,118.5,1.013,117,0.976
CFSSBISR,118.800003,1.011,117,0.977
CFSSBISR,118.300003,1.011,117,0.982
CFSSBISR,118.699997,1.009,117,0.98
CFSSBISR,117.699997,1.01,117,0.987
CFSSBISR,117,1.012,117,0.99
CFSSBISR,117,1.017,117,0.986
CFSSBISR,116.599998,1.02,117,0.987
CFSSBISR,117.199997,1.016,117,0.986
CFSSBISR,118.199997,1.011,117,0.982
CFSSBISR,118.300003,1.014,117,0.979
CFSSBISR,118.699997,1.016,117,0.973
CFSSBISR,118.800003,1.01,117,0.976
CFSSBISR,118.900002,1.013,117,0.974
CFSSBISR,118.300003,1.013,117,0.981
CFSSBISR,118,1.012,117,0.984
CFSSBISR,117.400002,1.024,117,0.975
CFSSBISR,117.900002,1.026,117,0.969
CFSSBISR,119,1.019,117,0.971
CFSSBISR,118.699997,1.019,117,0.973
CFSSBISR,118.699997,1.014,117,0.977
CFSSBISR,117.599998,1.015,117,0.986
CFSSBISR,117.099998,1.019,117,0.985
CFSSBISR,117.099998,1.02,117,0.985
CFSSBISR,118.199997,1.021,118,0.977
CFSSBISR,118.900002,1.021,117,0.97
CFSSBISR,119,1.021,117,0.968
CFSSBISR,118.199997,1.023,117,0.973
CFSSBISR,118.699997,1.019,117,0.974
CFSSBISR,119.300003,1.016,117,0.972
CFSSBISR,118.300003,1.014,117,0.982
CFSSBISR,118.300003,1.014,117,0.982
CFSSBISR,118.599998,1.013,117,0.981
CFSSBISR,117.5,1.018,117,0.985
CFSSBISR,116.800003,1.021,117,0.987
CFSSBISR,117.5,1.017,117,0.983
CFSSBISR,117.5,1.019,117,0.98
CFSSBISR,117.400002,1.027,117,0.974
CFSSBISR,118.300003,1.023,117,0.972
CFSSBISR,118.400002,1.021,117,0.97
CFSSBISR,118.5,1.017,117,0.974
CFSSBISR,118.5,1.023,117,0.969
CFSSBISR,118.599998,1.024,117,0.969
CFSSBISR,118.599998,1.026,117,0.969
CFSSBISR,119,1.018,117,0.971
CFSSBISR,119.099998,1.018,117,0.97
CFSSBISR,118.800003,1.018,117,0.972
CFSSBISR,118.800003,1.018,117,0.973
CFSSBISR,119.300003,1.018,118,0.971
CFSSBISR,119.400002,1.015,117,0.971
CFSSBISR,119.300003,1.014,117,0.972
CFSSBISR,119.400002,1.016,117,0.97
CFSSBISR,119.5,1.015,117,0.971
CFSSBISR,119.400002,1.019,117,0.967
CFSSBISR,118.699997,1.016,117,0.974
CFSSBISR,117.800003,1.014,117,0.983
CFSSBISR,118.300003,1.015,117,0.976
CFSSBISR,118.099998,1.018,117,0.975
CFSSBISR,118.5,1.023,117,0.97
CFSSBISR,118,1.029,117,0.969
CFSSBISR,118.300003,1.027,117,0.969
CFSSBISR,117.599998,1.021,117,0.981
CFSSBISR,117.199997,1.022,117,0.983
CFSSBISR,117.699997,1.023,117,0.977
CFSSBISR,117.300003,1.022,117,0.983
CFSSBISR,117.800003,1.018,117,0.983
CFSSBISR,118.300003,1.015,117,0.982
CFSSBISR,118.699997,1.015,117,0.978
CFSSBISR,118.599998,1.015,118,0.979
CFSSBISR,119.599998,1.011,118,0.975
CFSSBISR,119.199997,1.009,117,0.98
CFSSBISR,119.300003,1.01,118,0.979
CFSSBISR,119.599998,1.013,118,0.973
CFSSBISR,119.099998,1.017,117,0.971
CFSSBISR,119.400002,1.008,117,0.978
CFSSBISR,119.199997,1.009,117,0.979
CFSSBISR,119.199997,1.015,118,0.975
CFSSBISR,119.099998,1.01,117,0.978
CFSSBISR,118.199997,1.01,117,0.981
CFSSBISR,119.099998,1.011,117,0.975
CFSSBISR,119,1.017,117,0.97
CFSSBISR,118,1.025,117,0.972
CFSSBISR,119.199997,1.02,117,0.969
CFSSBISR,119.300003,1.018,117,0.97
CFSSBISR,118.699997,1.014,117,0.979
CFSSBISR,119.199997,1.01,117,0.979
CFSSBISR,118.5,1.014,118,0.981
CFSSBISR,118.400002,1.01,118,0.987
CFSSBISR,118,1.017,118,0.985
CFSSBISR,118.5,1.022,118,0.974
CFSSBISR,119.300003,1.02,118,0.969
CFSSBISR,119.5,1.016,118,0.974
CFSSBISR,118.300003,1.019,118,0.98
CFSSBISR,117.599998,1.026,118,0.978
CFSSBISR,118.5,1.021,118,0.976
CFSSBISR,118.5,1.015,118,0.981
CFSSBISR,118,1.016,118,0.983
CFSSBISR,118.099998,1.014,118,0.984
CFSSBISR,117.800003,1.025,118,0.977
CFSSBISR,118.099998,1.027,118,0.973
CFSSBISR,118.5,1.028,118,0.968
CFSSBISR,118.800003,1.025,118,0.968
CFSSBISR,119.099998,1.02,118,0.971
CFSSBISR,119.300003,1.013,117,0.975
CFSSBISR,118.400002,1.013,117,0.981
CFSSBISR,118.199997,1.015,117,0.982
CFSSBISR,118.800003,1.012,118,0.981
CFSSBISR,119.099998,1.012,117,0.978
CFSSBISR,118.300003,1.011,117,0.979
CFSSBISR,118.599998,1.013,117,0.977
CFSSBISR,119.5,1.014,117,0.971
CFSSBISR,118.599998,1.021,117,0.969
CFSSBISR,118.199997,1.024,117,0.968
CFSSBISR,118.099998,1.025,117,0.968
CFSSBISR,117.800003,1.026,117,0.972
CFSSBISR,117.400002,1.022,117,0.981
CFSSBISR,117.800003,1.022,117,0.977
CFSSBISR,118.199997,1.02,117,0.977
CFSSBISR,117.599998,1.017,117,0.985
CFSSBISR,119.099998,1.011,117,0.978
CFSSBISR,119.400002,1.01,117,0.977
CFSSBISR,119.400002,1.009,117,0.979
CFSSBISR,119.599998,1.014,117,0.973
CFSSBISR,119.400002,1.016,118,0.971
CFSSBISR,118.5,1.023,118,0.973
CFSSBISR,118.099998,1.024,118,0.974
CFSSBISR,119,1.016,117,0.972
CFSSBISR,119.099998,1.01,117,0.977
CFSSBISR,117.800003,1.016,117,0.983
CFSSBISR,118.699997,1.022,117,0.969
CFSSBISR,119.199997,1.017,117,0.97
CFSSBISR,119.300003,1.01,117,0.976
CFSSBISR,118.400002,1.011,117,0.981
CFSSBISR,118.599998,1.011,117,0.981
CFSSBISR,119,1.013,117,0.977
CFSSBISR,118.300003,1.011,117,0.983
CFSSBISR,118.400002,1.01,117,0.983
CFSSBISR,119.5,1.012,117,0.973
CFSSBISR,119.5,1.011,117,0.971
CFSSBISR,118.099998,1.016,117,0.974
CFSSBISR,118.699997,1.011,117,0.974
CFSSBISR,118.599998,1.013,117,0.974
CFSSBISR,118,1.022,117,0.971
CFSSBISR,118.599998,1.019,117,0.967
CFSSBISR,118.199997,1.02,116,0.968
CFSSBISR,117.900002,1.019,116,0.973
CFSSBISR,117.900002,1.019,117,0.974
CFSSBISR,117.699997,1.018,117,0.976
CFSSBISR,117.400002,1.013,117,0.985
CFSSBISR,117.400002,1.017,117,0.981
CFSSBISR,118.300003,1.016,117,0.975
CFSSBISR,118.400002,1.013,117,0.977
CFSSBISR,118.199997,1.013,117,0.977
CFSSBISR,118.599998,1.01,117,0.977
CFSSBISR,118.900002,1.009,117,0.977
CFSSBISR,118.400002,1.013,117,0.978
CFSSBISR,118.5,1.012,117,0.978
CFSSBISR,118.099998,1.013,117,0.981
CFSSBISR,118,1.009,117,0.986
CFSSBISR,117.5,1.012,117,0.987
CFSSBISR,116.900002,1.014,117,0.99
CFSSBISR,117.400002,1.02,117,0.98
CFSSBISR,117.199997,1.021,117,0.979
CFSSBISR,116.900002,1.025,117,0.978
CFSSBISR,116.900002,1.025,117,0.978
CFSSBISR,116.900002,1.021,117,0.982
CFSSBISR,117.5,1.024,117,0.973
CFSSBISR,117.199997,1.025,117,0.974
CFSSBISR,116.599998,1.027,117,0.977
CFSSBISR,116.599998,1.027,117,0.978
CFSSBISR,117.599998,1.022,117,0.975
CFSSBISR,117.900002,1.022,117,0.973
CFSSBISR,117,1.028,117,0.972
CFSSBISR,116.699997,1.026,117,0.977
CFSSBISR,117.099998,1.017,117,0.985
CFSSBISR,117.400002,1.015,117,0.985
CFSSBISR,118.199997,1.015,117,0.98
CFSSBISR,117,1.016,117,0.992
CFSSBISR,117,1.015,117,0.99
CFSSBISR,118.099998,1.011,117,0.984
CFSSBISR,118.300003,1.01,117,0.985
CFSSBISR,118.5,1.009,117,0.983
CFSSBISR,119.400002,1.014,117,0.972
CFSSBISR,119.199997,1.014,117,0.974
CFSSBISR,118.099998,1.007,117,0.987
CFSSBISR,118.599998,1.006,117,0.985
CFSSBISR,118.599998,1.006,117,0.984
CFSSBISR,117.699997,1.011,117,0.986
CFSSBISR,117.5,1.011,117,0.988
CFSSBISR,117.900002,1.006,117,0.988
CFSSBISR,118.199997,1.013,117,0.984
CFSSBISR,118.199997,1.014,118,0.984
CFSSBISR,117.599998,1.013,117,0.988
CFSSBISR,117.800003,1.01,117,0.991
CFSSBISR,117.800003,1.01,117,0.99
CFSSBISR,117.400002,1.017,117,0.985
CFSSBISR,117.599998,1.018,117,0.983
CFSSBISR,118.199997,1.012,118,0.985
CFSSBISR,117.699997,1.014,118,0.989
CFSSBISR,118,1.016,118,0.984
CFSSBISR,118.099998,1.023,117,0.974
CFSSBISR,118.400002,1.025,117,0.969
CFSSBISR,118.5,1.02,117,0.973
CFSSBISR,119.400002,1.011,117,0.975
CFSSBISR,119.400002,1.006,117,0.979
CFSSBISR,118.099998,1.008,117,0.985
CFSSBISR,117.099998,1.01,117,0.989
CFSSBISR,116.400002,1.019,117,0.988
CFSSBISR,117.099998,1.023,117,0.98
CFSSBISR,117.5,1.025,117,0.975
CFSSBISR,118.5,1.02,117,0.971
CFSSBISR,118.900002,1.011,117,0.977
CFSSBISR,118.800003,1.012,117,0.976
CFSSBISR,118.800003,1.014,117,0.974
CFSSBISR,118.800003,1.012,117,0.978
CFSSBISR,117.900002,1.016,117,0.983
CFSSBISR,116.900002,1.021,117,0.985
CFSSBISR,116.800003,1.025,117,0.982
CFSSBISR,117.199997,1.025,117,0.978
CFSSBISR,118.400002,1.016,117,0.977
CFSSBISR,118.900002,1.014,117,0.975
CFSSBISR,118.400002,1.017,117,0.976
CFSSBISR,119.199997,1.014,117,0.971
CFSSBISR,119.5,1.011,117,0.972
CFSSBISR,118.900002,1.008,117,0.981
CFSSBISR,118.400002,1.011,117,0.984
CFSSBISR,118.699997,1.011,117,0.982
CFSSBISR,117.300003,1.016,117,0.987
CFSSBISR,117.400002,1.017,117,0.986
CFSSBISR,117.099998,1.02,117,0.986
CFSSBISR,116.900002,1.024,117,0.984
CFSSBISR,117.800003,1.025,118,0.976
CFSSBISR,118,1.026,117,0.97
CFSSBISR,116.900002,1.028,117,0.975
CFSSBISR,117,1.029,117,0.974
CFSSBISR,117.699997,1.024,117,0.977
CFSSBISR,117.800003,1.023,117,0.976
CFSSBISR,118.199997,1.025,117,0.971
CFSSBISR,117.800003,1.024,117,0.976
CFSSBISR,117.300003,1.026,117,0.978
CFSSBISR,117.400002,1.021,117,0.982
CFSSBISR,116.5,1.023,117,0.987
CFSSBISR,116.599998,1.022,117,0.987
CFSSBISR,116.800003,1.025,117,0.984
CFSSBISR,117.400002,1.015,117,0.987
CFSSBISR,118.099998,1.011,117,0.985
CFSSBISR,118.400002,1.015,117,0.979
CHWISR,116.5,2.977,293,0.845
CHWISR,117.5,2.727,293,0.916
CHWISR,117,2.704,293,0.928
CHWISR,116.199997,2.641,292,0.957
CHWISR,116,2.543,292,0.99
CHWISR,117.5,2.649,293,0.941
CHWISR,117.699997,2.716,293,0.917
CHWISR,116,2.853,293,0.887
CHWISR,116,2.867,292,0.882
CHWISR,115.699997,2.985,292,0.846
CHWISR,116.400002,2.964,293,0.85
CHWISR,116.300003,2.966,293,0.85
CHWISR,115.900002,2.867,293,0.885
CHWISR,116.300003,2.874,293,0.878
CHWISR,116.5,2.852,293,0.883
CHWISR,116.5,2.924,293,0.861
CHWISR,117.699997,2.768,293,0.9
CHWISR,118,2.699,293,0.919
CHWISR,117.099998,2.843,292,0.88
CHWISR,117.099998,2.84,292,0.88
CHWISR,116.800003,2.613,292,0.956
CHWISR,116.900002,2.838,292,0.884
CHWISR,116.900002,2.949,293,0.849
CHWISR,116.099998,2.838,294,0.896
CHWISR,116.599998,2.847,293,0.885
CHWISR,117.5,2.758,293,0.904
CHWISR,117.599998,2.769,293,0.903
CHWISR,117.5,2.804,292,0.891
CHWISR,117,2.85,292,0.878
CHWISR,116.199997,2.891,293,0.874
CHWISR,116.699997,2.795,293,0.901
CHWISR,117,2.669,293,0.941
CHWISR,116.800003,2.606,293,0.965
CHWISR,116,2.708,293,0.938
CHWISR,115.699997,2.992,294,0.85
CHWISR,116.099998,2.933,294,0.863
CHWISR,116.900002,2.88,294,0.873
CHWISR,117.5,2.7,293,0.925
CHWISR,117.900002,2.761,294,0.904
CHWISR,117.699997,2.723,293,0.919
CHWISR,117.400002,2.741,293,0.912
CHWISR,117.199997,2.739,293,0.916
CHWISR,116.5,2.635,293,0.958
CHWISR,116.5,2.62,292,0.96
CHWISR,116.900002,2.748,293,0.916
CHWISR,117.599998,2.822,293,0.884
CHWISR,117.800003,2.816,293,0.884
CHWISR,116.800003,3,294,0.84
CHWISR,116.300003,3.023,295,0.839
CHWISR,117,2.853,294,0.884
CHWISR,117.599998,2.702,294,0.927
CHWISR,118.099998,2.678,294,0.931
CHWISR,118.5,2.675,294,0.926
CHWISR,118.400002,2.635,293,0.941
CHWISR,117.699997,2.745,294,0.913
CHWISR,117.599998,2.629,294,0.954
CHWISR,117.300003,2.551,294,0.983
CHWISR,117,2.8,294,0.901
CHWISR,117.900002,2.716,294,0.92
CHWISR,117.800003,2.622,294,0.954
CHWISR,117.300003,2.536,294,0.987
CHWISR,117,2.528,293,0.991
CHWISR,116.699997,2.523,293,0.996
CHWISR,116.800003,2.573,293,0.977
CHWISR,116.599998,2.571,293,0.979
CHWISR,116.5,2.543,293,0.991
CHWISR,116.900002,2.64,293,0.953
CHWISR,117.400002,2.672,294,0.938
CHWISR,117.199997,2.667,294,0.941
CHWISR,117.400002,2.684,294,0.932
CHWISR,117.800003,2.696,294,0.925
CHWISR,117,2.638,294,0.954
CHWISR,117.599998,2.775,294,0.902
CHWISR,117.099998,2.844,294,0.883
CHWISR,116.800003,2.844,294,0.886
CHWISR,118,2.694,294,0.925
CHWISR,117.300003,2.777,294,0.904
CHWISR,116.900002,2.835,293,0.888
CHWISR,116.699997,2.851,293,0.886
CHWISR,115.599998,2.71,294,0.944
CHWISR,116.199997,2.642,294,0.96
CHWISR,116.300003,2.782,293,0.912
CHWISR,117.300003,2.733,294,0.92
CHWISR,117.900002,2.587,294,0.965
CHWISR,118.5,2.641,294,0.939
CHWISR,118.5,2.693,294,0.922
CHWISR,118.400002,2.762,294,0.902
CHWISR,117.199997,2.832,294,0.889
CHWISR,116.199997,2.889,294,0.878
CHWISR,115.900002,2.869,294,0.889
CHWISR,117,2.949,294,0.853
CHWISR,117.300003,2.945,294,0.852
CHWISR,117.099998,2.879,295,0.879
CHWISR,116.699997,2.974,295,0.852
CHWISR,116.699997,2.976,295,0.85
CHWISR,116.199997,2.87,294,0.889
CHWISR,116,3.036,294,0.836
CHWISR,115.800003,3.035,294,0.838
CHWISR,116.300003,2.945,294,0.861
CHWISR,115.300003,2.86,294,0.898
CHWISR,115.400002,2.858,294,0.898
CHWISR,115.900002,2.838,294,0.901
CHWISR,116,2.815,294,0.906
CHWISR,116.800003,2.792,293,0.901
CHWISR,116.900002,2.702,292,0.927
CHWISR,117.5,2.62,292,0.95
CHWISR,117.099998,2.711,292,0.923
CHWISR,116.300003,2.691,292,0.938
CHWISR,117.400002,2.641,293,0.948
CHWISR,117.199997,2.883,294,0.872
CHWISR,116.699997,2.981,294,0.845
CHWISR,116.800003,2.91,294,0.867
CHWISR,117.5,2.82,294,0.889
CHWISR,118.199997,2.719,293,0.913
CHWISR,116.900002,2.584,293,0.972
CHWISR,116.400002,2.525,293,0.997
CHWISR,116.199997,2.525,293,0.997
CHWISR,116.199997,2.547,292,0.988
CHWISR,117.5,2.648,293,0.944
CHWISR,117.300003,2.665,294,0.944
CHWISR,117.5,2.705,294,0.929
CHWISR,117.400002,2.902,294,0.864
CHWISR,118,2.82,294,0.883
CHWISR,117.900002,2.837,294,0.88
CHWISR,117,2.948,295,0.855
CHWISR,117.199997,2.863,295,0.882
CHWISR,117.599998,2.785,295,0.902
CHWISR,116.599998,2.969,294,0.851
CHWISR,115.900002,3.002,295,0.847
CHWISR,116.099998,2.672,293,0.95
CHWISR,115.699997,2.679,293,0.951
CHWISR,117.099998,2.629,294,0.955
CHWISR,118,2.706,294,0.922
CHWISR,117.099998,2.913,294,0.863
CHWISR,116.599998,2.951,294,0.856
CHWISR,116.300003,2.968,295,0.855
CHWISR,116.300003,2.791,295,0.913
CHWISR,117,2.716,294,0.93
CHWISR,118.300003,2.594,294,0.958
CHWISR,116.800003,2.53,293,0.994
CHWISR,117.300003,2.728,293,0.922
CHWISR,117.300003,2.731,294,0.923
CHWISR,116,2.715,294,0.94
CHWISR,115.699997,2.845,294,0.897
CHWISR,116.199997,2.883,295,0.881
CHWISR,117.699997,2.686,294,0.931
CHWISR,117.800003,2.713,293,0.919
CHWISR,117.5,2.711,294,0.925
CHWISR,118,2.72,294,0.917
CHWISR,118,2.719,294,0.918
CHWISR,118,2.716,294,0.92
CHWISR,117.400002,2.734,294,0.919
CHWISR,117.099998,2.852,294,0.882
CHWISR,117.099998,2.659,294,0.946
CHWISR,116.699997,2.624,294,0.961
CHWISR,115.800003,2.72,294,0.939
CHWISR,115.400002,2.695,293,0.949
CHWISR,115.5,2.511,292,1
CHWISR,116.400002,2.547,292,0.987
CHWISR,116.900002,2.662,292,0.941
CHWISR,117.099998,2.655,292,0.944
CHWISR,117.800003,2.639,293,0.944
CHWISR,118,2.628,293,0.945
CHWISR,116.400002,2.625,292,0.958
CHWISR,117.800003,2.669,292,0.93
CHWISR,118.5,2.676,293,0.923
CHWISR,117.900002,2.66,292,0.933
CHWISR,117.800003,2.64,292,0.94
CHWISR,118,2.645,292,0.938
CHWISR,116.699997,2.703,292,0.932
CHWISR,116.300003,2.686,292,0.941
CHWISR,116.900002,2.551,292,0.98
CHWISR,116.5,2.561,292,0.98
CHWISR,115.900002,2.583,292,0.976
CHWISR,116.900002,2.773,292,0.902
CHWISR,117.699997,2.831,292,0.878
CHWISR,118.099998,2.727,292,0.908
CHWISR,117.199997,2.739,292,0.915
CHWISR,116.300003,2.849,292,0.888
CHWISR,115.800003,2.787,293,0.912
CHWISR,116.800003,2.704,293,0.93
CHWISR,117.699997,2.681,292,0.927
CHWISR,116.5,2.718,292,0.928
CHWISR,116.099998,2.687,292,0.942
CHWISR,116.599998,2.656,292,0.948
CHWISR,116.300003,2.657,292,0.951
CHWISR,115.900002,2.541,292,0.991
CHWISR,116.099998,2.701,292,0.936
CHWISR,117.599998,2.839,293,0.879
CHWISR,117.599998,2.902,293,0.859
CHWISR,116.599998,2.819,293,0.898
CHWISR,116.300003,2.846,293,0.892
CHWISR,116.599998,2.869,293,0.883
CHWISR,117,2.781,294,0.907
CHWISR,116.699997,2.789,294,0.905
CHWISR,116.699997,2.868,293,0.878
CHWISR,116.900002,2.834,293,0.886
CHWISR,116.5,2.739,293,0.921
CHWISR,117,2.665,293,0.942
CHWISR,118.199997,2.697,293,0.918
CHWISR,117.5,2.815,292,0.886
CHWISR,116.900002,2.777,293,0.907
CHWISR,116.5,2.567,293,0.981
CHWISR,115.900002,2.528,293,1
CHWISR,116,2.693,293,0.944
CHWISR,116.400002,2.89,293,0.873
CHWISR,117.400002,2.819,293,0.887
CHWISR,117.300003,2.823,294,0.889
CHWISR,117.400002,2.81,294,0.895
CHWISR,116.900002,2.928,295,0.864
CHWISR,116,3.012,295,0.844
CHWISR,116.900002,2.865,295,0.884
CHWISR,117.199997,2.833,295,0.891
CHWISR,116.699997,2.886,295,0.877
CHWISR,117.199997,2.79,294,0.902
CHWISR,116.699997,2.668,294,0.949
CHWISR,116.5,2.72,295,0.936
CHWISR,116.5,2.71,294,0.936
CHWISR,117.400002,2.744,294,0.918
CHWISR,117.599998,2.793,294,0.898
CHWISR,117.300003,2.841,294,0.884
CHWISR,116.599998,2.904,294,0.869
CHWISR,116.199997,2.667,294,0.951
CHWISR,116.099998,2.703,293,0.94
CHWISR,116.5,2.691,293,0.942
CHWISR,117.699997,2.642,294,0.946
CHWISR,118,2.722,294,0.917
CHWISR,116.699997,2.893,294,0.873
CHWISR,116.099998,3.01,295,0.843
CHWISR,116.599998,3.003,295,0.842
CHWISR,117.400002,2.767,295,0.911
CHWISR,117.400002,2.779,295,0.905
CHWISR,116.5,2.711,294,0.934
CHWISR,116,2.544,294,0.996
CHWISR,116.800003,2.58,294,0.976
CHWISR,117.199997,2.578,294,0.974
CHWISR,117.400002,2.642,294,0.95
CHWISR,116.900002,2.785,294,0.907
CHWISR,117.300003,2.86,294,0.876
CHWISR,118.400002,2.702,293,0.917
CHWISR,117.699997,2.766,294,0.906
CHWISR,117.599998,2.774,294,0.903
CHWISR,118.300003,2.647,293,0.937
CHWISR,118.099998,2.593,292,0.954
CHWISR,118.099998,2.57,292,0.963
CHWISR,117.699997,2.779,293,0.9
CHWISR,117.199997,2.768,294,0.909
CHWISR,115.800003,2.557,294,0.993
CHWISR,115.900002,2.574,294,0.986
CHWISR,116.099998,2.727,294,0.931
CHWISR,116.5,2.755,294,0.918
CHWISR,117.699997,2.676,294,0.934
CHWISR,117.300003,2.716,294,0.925
CHWISR,117.300003,2.764,294,0.91
CHWISR,117,2.945,294,0.853
CHWISR,117.099998,2.838,294,0.889
CHWISR,117.199997,2.792,294,0.903
CHWISR,115.900002,2.967,294,0.854
CHWISR,116.300003,2.934,294,0.862
CHWISR,116.599998,2.762,294,0.918
CHWISR,116.400002,2.638,294,0.96
CHWISR,116.699997,2.619,294,0.962
CHWISR,118.599998,2.586,294,0.959
CHWISR,117.599998,2.721,294,0.923
CHWISR,116.800003,2.851,293,0.883
CHWISR,116.800003,2.695,293,0.935
CHWISR,116.400002,2.563,293,0.985
CHWISR,115.900002,2.635,294,0.965
CHWISR,116.199997,2.546,293,0.991
CHWISR,116.400002,2.559,293,0.984
CHWISR,116.900002,2.803,293,0.896
CHWISR,117.599998,2.877,293,0.869
CHWISR,117.400002,2.945,293,0.848
CHWISR,116.599998,2.83,293,0.894
CHWISR,116.199997,2.805,293,0.906
CHWISR,117.5,2.814,294,0.891
CHWISR,118.199997,2.678,293,0.928
CHWISR,117.400002,2.728,293,0.92
CHWISR,117,2.694,293,0.936
CHWISR,117.599998,2.736,293,0.916
CHWISR,116.599998,2.601,293,0.968
CHWISR,118.099998,2.746,293,0.905
CHWISR,117.800003,2.835,294,0.881
CHWISR,116.599998,2.726,294,0.928
CHWISR,117.599998,2.705,292,0.92
CHWISR,117.699997,2.617,292,0.949
CHWISR,116.199997,2.522,293,0.999
CHWISR,116.400002,2.584,293,0.974
CHWISR,117.099998,2.67,292,0.937
CHWISR,116.800003,2.913,292,0.861
CHWISR,116.400002,2.831,292,0.892
CHWISR,116.5,2.769,293,0.911
CHWISR,116.599998,2.84,293,0.886
CHWISR,117.099998,2.748,292,0.913
CHWISR,116.5,2.699,292,0.934
CHWISR,115.699997,2.674,292,0.95
CHWISR,116.300003,2.614,291,0.962
CHWISR,117.5,2.775,291,0.895
CHWISR,117.599998,2.737,292,0.907
CHWISR,117.599998,2.674,292,0.93
CHWISR,116.599998,2.827,292,0.89
CHWISR,116.099998,2.963,293,0.852
CHWISR,116.199997,2.853,293,0.891
CHWISR,115.400002,3.017,293,0.841
CHWISR,115.400002,3.02,293,0.841
CHWISR,116.900002,2.929,293,0.857
CHWISR,116.900002,2.949,293,0.851
CHWISR,117.199997,2.888,293,0.867
CHWISR,116.599998,2.661,292,0.946
CHWISR,116.199997,2.573,292,0.979
CHWISR,115.699997,2.529,292,0.999
CHWISR,116.400002,2.735,292,0.922
CHWISR,116.900002,2.827,292,0.886
CHWISR,116.5,2.891,293,0.87
CHWISR,116.099998,2.783,293,0.913
CHWISR,116.699997,2.523,292,0.992
CHWISR,116.599998,2.692,292,0.935
CHWISR,116.400002,3.003,292,0.837
CHWISR,116.5,2.987,292,0.841
CHWISR,117.199997,2.845,293,0.88
CHWISR,116.900002,2.931,292,0.854
CHWISR,116.900002,2.915,292,0.857
CHWISR,117.099998,2.699,291,0.924
CHWISR,117.400002,2.749,292,0.906
CHWISR,117.300003,2.828,292,0.884
CHWISR,117.199997,2.84,292,0.882
CHWISR,116.699997,2.862,292,0.879
CHWISR,116,2.857,292,0.886
CHWISR,115.699997,2.864,292,0.886
CHWISR,115.800003,2.855,292,0.888
CHWISR,115.800003,2.82,293,0.903
CHWISR,116.099998,2.846,292,0.886
CHWISR,116.5,2.818,292,0.892
CHWISR,117,2.831,293,0.885
CHWISR,117.800003,2.781,292,0.892
CHWISR,118.099998,2.73,292,0.906
CHWISR,117,2.572,292,0.972
CHWISR,117.5,2.537,292,0.979
CHWISR,116.900002,2.519,291,0.99
CHWISR,116.800003,2.55,292,0.982
CHWISR,116.699997,2.554,292,0.982
CHWISR,116.400002,2.614,293,0.965
CHWISR,115.699997,2.864,292,0.889
CHWISR,115.800003,2.868,292,0.887
CHWISR,116.699997,2.64,292,0.952
CHWISR,116.699997,2.63,292,0.954
CHWISR,116.699997,2.626,292,0.956
CHWISR,116.400002,2.608,293,0.967
CHWISR,116.400002,2.591,293,0.974
CHWISR,116.599998,2.586,293,0.973
CHWISR,116.699997,2.676,293,0.943
CHWISR,117,2.814,292,0.893
CHWISR,117.300003,2.703,292,0.928
CHWISR,117.199997,2.557,293,0.978
CHWISR,117.300003,2.731,293,0.921
CHWISR,117.5,2.737,293,0.915
CHWISR,117.599998,2.735,293,0.914
CHWISR,117.599998,2.727,293,0.916
CHWISR,117.5,2.897,293,0.862
CHWISR,116.199997,2.535,292,0.992
CHWISR,116,2.557,292,0.987
CHWISR,117.400002,2.777,292,0.899
CHWISR,116.599998,2.815,292,0.896
CHWISR,116.099998,2.679,293,0.948
CHWISR,116.699997,2.69,293,0.94
CHWISR,117.199997,2.588,293,0.966
CHWISR,116.699997,2.605,292,0.962
CHWISR,116.699997,2.795,291,0.897
CHWISR,117,2.81,292,0.891
CHWISR,116.099998,2.899,293,0.873
CHWISR,115.800003,2.807,293,0.909
CHWISR,116.599998,2.726,293,0.926
CHWISR,117.400002,2.657,293,0.94
CHWISR,118.5,2.629,293,0.942
CHWISR,118.300003,2.59,293,0.958
CHWISR,117.5,2.635,293,0.951
CHWISR,117.900002,2.643,293,0.944
CHWISR,118,2.674,293,0.932
CHWISR,118,2.695,293,0.921
CHWISR,117.900002,2.739,293,0.909
CHWISR,117.699997,2.807,294,0.891
CHWISR,116.300003,2.774,294,0.915
CHWISR,116,2.811,294,0.907
CHWISR,115.699997,3.011,294,0.842
CHWISR,116.400002,2.862,293,0.886
CHWISR,117.099998,2.852,294,0.886
CHWISR,117.300003,2.96,294,0.846
CHWISR,117.699997,2.92,293,0.854
CHWISR,117.199997,2.9,293,0.864
CHWISR,117.300003,2.661,293,0.94
CHWISR,116.800003,2.62,293,0.958
CHWISR,116,2.715,293,0.935
CHWISR,115.800003,2.693,293,0.946
CHWISR,117,2.577,292,0.97
CHWISR,116.800003,2.755,292,0.913
CHWISR,117.5,2.804,293,0.891
CHWISR,117.099998,2.826,292,0.886
CHWISR,116.599998,2.904,293,0.866
CHWISR,116.900002,2.875,293,0.875
CHWISR,116.5,2.944,294,0.857
CHWISR,117,2.929,294,0.858
CHWISR,117.300003,2.899,293,0.863
CHWISR,118.300003,2.764,293,0.897
CHWISR,117.900002,2.752,293,0.904
CHWISR,116.900002,2.626,293,0.956
CHWISR,115.900002,2.858,292,0.887
CHWISR,116,2.836,292,0.893
CHWISR,117.099998,2.636,292,0.947
CHWISR,116.599998,2.692,292,0.933
CHWISR,116.900002,2.806,292,0.891
CHWISR,116.099998,2.93,291,0.857
CHWISR,115.900002,2.935,291,0.857
CHWISR,115.699997,2.842,292,0.889
CHWISR,116,2.779,292,0.911
CHWISR,116.099998,2.764,291,0.913
CHWISR,116.5,2.708,291,0.926
CHWISR,116.5,2.788,291,0.9
CHWISR,116.599998,2.745,291,0.912
CHWISR,116.800003,2.726,290,0.915
CHWISR,117.199997,2.757,290,0.902
CHWISR,116.699997,2.74,290,0.912
CHWISR,115.300003,2.522,290,0.999
CHWISR,115.199997,2.683,290,0.946
CHWISR,116.5,2.802,290,0.891
CHWISR,117.099998,2.713,290,0.917
CHWISR,117,2.788,290,0.895
CHWISR,116.099998,2.919,290,0.858
CHWISR,116.199997,2.908,290,0.86
CHWISR,116.599998,2.9,290,0.859
CHWISR,116.400002,2.81,291,0.889
CHWISR,116.099998,2.729,290,0.919
CHWISR,115.900002,2.665,290,0.945
CHWISR,116,2.686,290,0.938
CHWISR,117.300003,2.719,290,0.912
CHWISR,116.900002,2.768,290,0.901
CHWISR,116.099998,2.659,291,0.947
CHWISR,115.900002,2.678,290,0.939
CHWISR,117.5,2.712,290,0.912
CHWISR,117.5,2.638,291,0.939
CHWISR,116,2.67,291,0.945
CHWISR,115.199997,2.681,290,0.945
CHWISR,115.900002,2.744,291,0.916
CHWISR,117.199997,2.791,290,0.888
CHWISR,117.099998,2.869,291,0.866
CHWISR,116.099998,2.828,291,0.893
CHWISR,116.599998,2.864,292,0.876
CHWISR,117,2.794,291,0.893
CHWISR,117.699997,2.688,291,0.921
CHWISR,117.099998,2.569,291,0.968
CHWISR,116.300003,2.526,291,0.991
CHWISR,116,2.77,291,0.912
CHWISR,116.400002,2.818,291,0.891
CHWISR,117.400002,2.66,291,0.934
CHWISR,117.400002,2.787,292,0.894
CHWISR,117.199997,2.71,292,0.922
CHWISR,116.699997,2.579,291,0.97
CHWISR,116.699997,2.681,291,0.935
CHWISR,117.599998,2.729,291,0.908
CHWISR,117.599998,2.574,291,0.964
CHWISR,115.900002,2.513,291,1
CHWISR,116.599998,2.645,292,0.951
CHWISR,116.400002,2.648,293,0.953
CHWISR,115.599998,2.561,292,0.987
CHWISR,115.599998,2.712,292,0.937
CHWISR,116.199997,2.699,292,0.938
CHWISR,115.599998,2.535,293,1
CHWISR,115.599998,2.528,293,1
CHWISR,116.599998,2.699,292,0.934
CHWISR,116.5,2.847,292,0.884
CHWISR,116.599998,2.787,292,0.903
CHWISR,116.800003,2.543,291,0.982
CHWISR,116.199997,2.655,292,0.953
CHWISR,116.300003,2.82,292,0.897
CHWISR,115.400002,2.855,292,0.894
CHWISR,117.5,2.934,292,0.848
CHWISR,117.900002,2.831,292,0.876
CHWISR,118.099998,2.802,292,0.884
CHWISR,118,2.69,292,0.919
CHWISR,117.300003,2.76,291,0.902
CHWISR,116.900002,2.726,292,0.918
CHWISR,116.800003,2.562,291,0.975
CHWISR,115.599998,2.695,292,0.944
CHWISR,115.5,2.681,292,0.951
CHWISR,116,2.648,293,0.958
CHWISR,117.199997,2.713,292,0.924
CHWISR,118.099998,2.737,292,0.907
CHWISR,117.599998,2.639,292,0.94
CFSSBHWISR,116.199997,3.614,380,0.903
CFSSBHWISR,115.900002,3.62,380,0.906
CFSSBHWISR,115.900002,3.627,380,0.904
CFSSBHWISR,116.5,3.543,380,0.923
CFSSBHWISR,116.099998,3.626,380,0.903
CFSSBHWISR,116.300003,3.618,380,0.904
CFSSBHWISR,116.300003,3.416,381,0.961
CFSSBHWISR,116.5,3.507,381,0.934
CFSSBHWISR,116.599998,3.518,381,0.93
CFSSBHWISR,116.599998,3.437,380,0.951
CFSSBHWISR,115.699997,3.4,380,0.969
CFSSBHWISR,115.199997,3.374,380,0.982
CFSSBHWISR,115.099998,3.687,381,0.898
CFSSBHWISR,115.300003,3.683,381,0.897
CFSSBHWISR,115.5,3.684,381,0.895
CFSSBHWISR,115.400002,3.537,381,0.936
CFSSBHWISR,115.800003,3.395,380,0.971
CFSSBHWISR,116.099998,3.406,380,0.964
CFSSBHWISR,115.5,3.387,380,0.975
CFSSBHWISR,115.699997,3.232,380,1
CFSSBHWISR,115.300003,3.372,380,0.981
CFSSBHWISR,115.599998,3.621,380,0.909
CFSSBHWISR,115.800003,3.608,381,0.911
CFSSBHWISR,115.699997,3.609,382,0.915
CFSSBHWISR,115.699997,3.599,382,0.917
CFSSBHWISR,116.699997,3.52,382,0.929
CFSSBHWISR,115.599998,3.501,382,0.946
CFSSBHWISR,115.199997,3.521,382,0.944
CFSSBHWISR,116.099998,3.606,381,0.912
CFSSBHWISR,116.099998,3.534,381,0.93
CFSSBHWISR,116.599998,3.485,381,0.938
CFSSBHWISR,117.099998,3.47,380,0.936
CFSSBHWISR,117.099998,3.401,380,0.954
CFSSBHWISR,116.5,3.271,380,0.997
CFSSBHWISR,115.599998,3.371,380,0.977
CFSSBHWISR,115.300003,3.362,379,0.982
CFSSBHWISR,116.099998,3.239,379,1
CFSSBHWISR,116.599998,3.328,380,0.98
CFSSBHWISR,116.599998,3.488,380,0.935
CFSSBHWISR,117.699997,3.331,379,0.967
CFSSBHWISR,117.800003,3.346,379,0.961
CFSSBHWISR,116.599998,3.302,379,0.984
CFSSBHWISR,116.400002,3.304,378,0.985
CFSSBHWISR,117.400002,3.359,379,0.96
CFSSBHWISR,116.800003,3.421,379,0.949
CFSSBHWISR,116.599998,3.406,379,0.955
CFSSBHWISR,117.199997,3.358,379,0.964
CFSSBHWISR,116.400002,3.332,379,0.978
CFSSBHWISR,116.199997,3.426,379,0.954
CFSSBHWISR,115.699997,3.605,378,0.906
CFSSBHWISR,115.199997,3.492,378,0.942
CFSSBHWISR,116.099998,3.301,379,0.991
CFSSBHWISR,115.400002,3.366,379,0.978
CFSSBHWISR,115.5,3.382,379,0.971
CFSSBHWISR,116.599998,3.315,379,0.98
CFSSBHWISR,116.800003,3.31,379,0.981
CFSSBHWISR,116.900002,3.305,379,0.981
CFSSBHWISR,116.5,3.31,378,0.981
CFSSBHWISR,115.699997,3.396,379,0.967
CFSSBHWISR,115.699997,3.38,379,0.971
CFSSBHWISR,116.199997,3.235,379,1
CFSSBHWISR,115.900002,3.234,379,1
CFSSBHWISR,120,0.879,104,0.989
CFSSBHWISR,120.099998,0.874,104,0.994
CFSSBHWISR,121.099998,0.866,104,0.993
CFSSBHWISR,120.800003,0.868,104,0.994
CSBHWISR,117.400002,3.259,360,0.942
CSBHWISR,117.099998,3.325,360,0.926
CSBHWISR,116.099998,3.345,360,0.931
CSBHWISR,115.599998,3.354,361,0.934
CSBHWISR,115.400002,3.33,360,0.942
CSBHWISR,116.099998,3.143,360,0.989
CSBHWISR,116.199997,3.154,360,0.985
CSBHWISR,116.199997,3.189,360,0.975
CSBHWISR,116.400002,3.306,360,0.937
CSBHWISR,116.800003,3.247,359,0.949
CSBHWISR,116.599998,3.082,360,1
CSBHWISR,116.099998,3.062,360,1
CSBHWISR,116.400002,3.089,360,1
CSBHWISR,115.800003,3.089,359,1
CSBHWISR,115.699997,3.179,359,0.978
CSBHWISR,117,3.197,360,0.962
CSBHWISR,117.300003,3.266,360,0.94
CSBHWISR,116.599998,3.323,360,0.931
CSBHWISR,115.400002,3.347,360,0.937
CSBHWISR,115.099998,3.332,361,0.944
CSBHWISR,116.099998,3.252,361,0.958
CSBHWISR,117.199997,3.162,361,0.975
CSBHWISR,117,3.247,360,0.951
CSBHWISR,115.900002,3.056,359,1
CSBHWISR,115.5,3.074,360,1
CSBHWISR,116.400002,3.257,360,0.951
CSBHWISR,117,3.337,360,0.923
CSBHWISR,117,3.301,360,0.934
CSBHWISR,116.400002,3.294,360,0.941
CSBHWISR,115.699997,3.409,361,0.917
CSBHWISR,116.199997,3.424,363,0.913
CSBHWISR,116.599998,3.169,362,0.981
CSBHWISR,117,3.116,362,0.993
CSBHWISR,117.199997,3.112,362,0.994
CSBHWISR,117.199997,3.104,362,0.995
CSBHWISR,118,3.162,362,0.97
CSBHWISR,117.400002,3.189,362,0.968
CSBHWISR,117,3.253,362,0.954
CSBHWISR,115.900002,3.335,362,0.938
CSBHWISR,115.800003,3.377,361,0.927
CSBHWISR,116.599998,3.435,362,0.905
CSBHWISR,116.400002,3.165,362,0.985
CSBHWISR,115.699997,3.09,362,1
CSBHWISR,115.599998,3.062,361,1
CSBHWISR,115.900002,3.06,362,1
CSBHWISR,117.5,3.198,362,0.966
CSBHWISR,117.400002,3.102,362,0.995
CSBHWISR,117.099998,3.15,362,0.983
CSBHWISR,115.800003,3.135,362,0.999
CSBHWISR,115,3.19,362,0.99
CSBHWISR,115.5,3.347,362,0.941
CSBHWISR,116.400002,3.245,362,0.962
CSBHWISR,116.900002,3.223,362,0.963
CSBHWISR,117.099998,3.407,362,0.907
CSBHWISR,117.900002,3.337,362,0.921
CSBHWISR,117.900002,3.298,362,0.931
CSBHWISR,117.599998,3.218,361,0.955
CSBHWISR,116.900002,3.163,361,0.977
CSBHWISR,116.400002,3.138,361,0.99
CSBHWISR,116.099998,3.087,362,1
CSBHWISR,115.900002,3.069,361,1
CSBHWISR,116.099998,3.098,361,1
CSBHWISR,115.900002,3.079,361,1
CSBHWISR,116.599998,3.088,361,1
CSBHWISR,117.400002,3.205,361,0.961
CSBHWISR,117,3.219,361,0.959
CSBHWISR,116.5,3.325,362,0.936
CSBHWISR,116.599998,3.336,362,0.932
CSBHWISR,116,3.397,361,0.919
CSBHWISR,116.300003,3.385,361,0.918
CSBHWISR,116.900002,3.291,360,0.938
CSBHWISR,117.199997,3.214,360,0.958
CSBHWISR,116.5,3.351,360,0.925
CSBHWISR,115.699997,3.307,360,0.944
CSBHWISR,116.099998,3.188,360,0.974
CSBHWISR,117.099998,3.173,360,0.971
CSBHWISR,117.199997,3.086,361,0.997
CSBHWISR,118,3.123,361,0.979
CSBHWISR,117.300003,3.242,361,0.951
CSBHWISR,116.699997,3.256,361,0.952
CSBHWISR,117.099998,3.148,360,0.978
CSBHWISR,116.699997,3.204,360,0.963
CSBHWISR,116.900002,3.192,359,0.964
CSBHWISR,117.199997,3.076,359,0.998
CSBHWISR,116.599998,3.061,360,1
CSBHWISR,116,3.106,360,0.998
CSBHWISR,115.199997,3.089,360,1
CSBHWISR,116.099998,3.131,360,0.991
CSBHWISR,117,3.274,359,0.939
CSBHWISR,116.900002,3.352,360,0.918
CSBHWISR,116.599998,3.393,360,0.912
CSBHWISR,115.400002,3.355,360,0.933
CSBHWISR,115.800003,3.296,360,0.945
CSBHWISR,116.400002,3.316,359,0.933
CSBHWISR,116.300003,3.235,359,0.958
CSBHWISR,115.699997,3.201,359,0.974
CSBHWISR,115.800003,3.076,359,1
CSBHWISR,116.300003,3.126,359,0.989
CSBHWISR,117.400002,3.284,359,0.931
CSBHWISR,116.5,3.323,359,0.929
CSBHWISR,115.800003,3.375,358,0.919
CSBHWISR,115.300003,3.504,359,0.889
CSBHWISR,115.699997,3.452,359,0.899
CSBHWISR,116.300003,3.396,358,0.908
CSBHWISR,115.800003,3.424,359,0.905
CSBHWISR,116.199997,3.381,358,0.913
CSBHWISR,117,3.264,359,0.94
CSBHWISR,117.300003,3.222,359,0.951
CSBHWISR,117.099998,3.256,359,0.945
CSBHWISR,117.199997,3.214,359,0.952
CSBHWISR,117,3.278,358,0.935
CSBHWISR,116.599998,3.252,358,0.948
CSBHWISR,115.099998,3.168,358,0.986
CSBHWISR,114.800003,3.174,359,0.988
CSBHWISR,114.800003,3.219,359,0.976
CSBHWISR,115.599998,3.328,359,0.936
CSBHWISR,117.099998,3.242,360,0.948
CSBHWISR,117.5,3.252,360,0.942
CSBHWISR,117.800003,3.303,360,0.925
CSBHWISR,116.900002,3.409,360,0.904
CSBHWISR,116.400002,3.456,360,0.896
CSBHWISR,115.400002,3.359,360,0.933
CSBHWISR,114.900002,3.365,361,0.937
CSBHWISR,116,3.46,362,0.901
CSBHWISR,115.900002,3.45,361,0.904
CSBHWISR,116,3.311,361,0.942
CSBHWISR,116.300003,3.215,360,0.966
CSBHWISR,116.199997,3.346,360,0.928
CSBHWISR,115.300003,3.419,360,0.913
CSBHWISR,115.599998,3.327,359,0.935
CSBHWISR,115.800003,3.314,359,0.937
CSBHWISR,115.599998,3.401,360,0.916
CSBHWISR,115.5,3.298,360,0.949
CSBHWISR,116.699997,3.211,361,0.964
CSBHWISR,117.599998,3.269,361,0.938
CSBHWISR,117,3.183,360,0.967
CSBHWISR,117.300003,3.164,360,0.97
CSBHWISR,117.400002,3.153,360,0.972
CSBHWISR,117.599998,3.161,360,0.969
CSBHWISR,117.800003,3.154,360,0.968
CSBHWISR,117.900002,3.158,360,0.968
CSBHWISR,117.199997,3.247,361,0.95
CSBHWISR,117.699997,3.246,361,0.947
CSBHWISR,117.599998,3.205,361,0.959
CSBHWISR,117.300003,3.198,360,0.963
CSBHWISR,117.5,3.151,360,0.974
CSBHWISR,117.400002,3.147,361,0.978
CSBHWISR,116.599998,3.081,361,1
CSBHWISR,117.400002,3.147,361,0.977
CSBHWISR,117.599998,3.147,361,0.976
CSBHWISR,117.699997,3.095,361,0.99
CSBHWISR,117.300003,3.193,360,0.962
CSBHWISR,117.300003,3.2,360,0.961
CSBHWISR,118,3.152,360,0.969
CSBHWISR,117.599998,3.156,360,0.97
CSBHWISR,117.5,3.164,359,0.966
CSBHWISR,117.400002,3.254,360,0.943
CSBHWISR,116.699997,3.297,360,0.938
CSBHWISR,116.599998,3.316,360,0.933
CSBHWISR,116,3.133,360,0.99
CSBHWISR,116.400002,3.224,360,0.961
CSBHWISR,116.699997,3.317,360,0.931
CSBHWISR,115.900002,3.267,361,0.956
CSBHWISR,115.5,3.288,361,0.954
CSBHWISR,115.400002,3.302,361,0.95
CSBHWISR,115.300003,3.453,360,0.904
CSBHWISR,115,3.457,360,0.905
CSBHWISR,115.199997,3.449,360,0.906
CSBHWISR,115.800003,3.355,360,0.927
CSBHWISR,116.699997,3.24,359,0.95
CSBHWISR,116.099998,3.326,359,0.932
CSBHWISR,116.599998,3.261,360,0.949
CSBHWISR,116.800003,3.13,360,0.985
CSBHWISR,115.400002,3.344,359,0.935
CSBHWISR,115.900002,3.379,359,0.92
CSBHWISR,117.300003,3.246,360,0.947
CSBHWISR,117,3.341,360,0.922
CSBHWISR,115.599998,3.338,360,0.937
CSBHWISR,116,3.407,360,0.911
CSBHWISR,116.599998,3.305,360,0.933
CSBHWISR,116.300003,3.256,359,0.953
CSBHWISR,116,3.335,360,0.934
CSBHWISR,116.599998,3.284,361,0.943
CSBHWISR,116.800003,3.201,360,0.964
CSBHWISR,116.5,3.358,360,0.922
CSBHWISR,116,3.311,361,0.944
CSBHWISR,115.400002,3.354,361,0.938
CSBHWISR,115.599998,3.438,361,0.909
CSBHWISR,116.199997,3.385,361,0.917
CSBHWISR,116.699997,3.326,360,0.929
CSBHWISR,117.099998,3.259,359,0.943
CSBHWISR,117,3.224,359,0.953
CSBHWISR,116.5,3.081,359,1
CSBHWISR,116.400002,3.157,359,0.978
CSBHWISR,116.099998,3.151,359,0.984
CSBHWISR,115.900002,3.1,360,1
CSBHWISR,115.900002,3.109,360,0.998
CSBHWISR,116,3.121,360,0.995
CSBHWISR,116.900002,3.312,361,0.934
CSBHWISR,117.199997,3.381,361,0.911
CSBHWISR,116.400002,3.448,360,0.897
CSBHWISR,115.699997,3.496,360,0.89
CSBHWISR,115.699997,3.438,360,0.905
CSBHWISR,117.199997,3.28,359,0.936
CSBHWISR,117.199997,3.201,360,0.96
CSBHWISR,116,3.06,360,1
CSBHWISR,115.099998,3.353,361,0.939
CSBHWISR,115.800003,3.388,361,0.922
CSBHWISR,116.800003,3.31,361,0.935
CSBHWISR,116.900002,3.377,360,0.913
CSBHWISR,116.800003,3.432,360,0.899
CSBHWISR,116.699997,3.279,361,0.946
CSBHWISR,116.400002,3.271,361,0.952
CSBHWISR,115.800003,3.285,361,0.952
CSBHWISR,115.599998,3.151,359,0.988
CSBHWISR,116.400002,3.13,359,0.986
CSBHWISR,116.900002,3.142,360,0.982
CSBHWISR,117,3.121,361,0.989
CSBHWISR,117.400002,3.226,361,0.954
CSBHWISR,117,3.212,360,0.96
CSBHWISR,116.400002,3.238,360,0.958
CSBHWISR,117,3.15,360,0.978
CSBHWISR,117.199997,3.143,360,0.979
CSBHWISR,116.099998,3.215,361,0.97
CSBHWISR,116.599998,3.165,361,0.981
CSBHWISR,116.699997,3.163,361,0.981
CSBHWISR,115.699997,3.196,361,0.98
CSBHWISR,116.300003,3.293,360,0.943
CSBHWISR,116.199997,3.292,360,0.943
CSBHWISR,115.099998,3.191,361,0.986
CSBHWISR,115.5,3.312,361,0.948
CSBHWISR,115.800003,3.306,361,0.945
CSBHWISR,115.699997,3.175,360,0.983
CSBHWISR,115.599998,3.175,360,0.985
CSBHWISR,115.800003,3.234,359,0.963
CSBHWISR,116.099998,3.258,359,0.952
CSBHWISR,115.800003,3.129,360,0.995
CSBHWISR,115.800003,3.082,361,1
CSBHWISR,115.900002,3.235,360,0.964
CSBHWISR,115.900002,3.243,360,0.96
CSBHWISR,116.300003,3.215,360,0.964
CSBHWISR,116.099998,3.152,360,0.985
CSBHWISR,116.400002,3.146,360,0.984
CSBHWISR,115.5,3.235,361,0.968
CSBHWISR,115.300003,3.227,361,0.974
CSBHWISR,115.300003,3.218,361,0.977
CSBHWISR,115.300003,3.159,360,0.991
CSBHWISR,115.199997,3.155,360,0.992
CSBHWISR,115.800003,3.09,360,1
CSBHWISR,116.099998,3.091,360,1
CSBHWISR,115.900002,3.202,360,0.974
CSBHWISR,116.5,3.143,361,0.986
CSBHWISR,117,3.158,361,0.978
CSBHWISR,117.400002,3.152,361,0.975
CSBHWISR,116.900002,3.165,361,0.976
CSBHWISR,116.599998,3.167,361,0.979
CSBHWISR,116.900002,3.203,361,0.965
CSBHWISR,116.900002,3.227,361,0.959
CSBHWISR,115.699997,3.295,362,0.953
CSBHWISR,115.599998,3.262,362,0.962
CSBHWISR,116.099998,3.371,361,0.924
CSBHWISR,115.699997,3.405,361,0.917
CSBHWISR,115.400002,3.306,361,0.949
CSBHWISR,115.400002,3.315,361,0.947
CSBHWISR,115.900002,3.349,361,0.932
CSBHWISR,116,3.342,361,0.934
CSBHWISR,115.5,3.293,361,0.952
CSBHWISR,116.400002,3.329,361,0.933
CSBHWISR,116.699997,3.307,361,0.936
CSBHWISR,117,3.226,360,0.956
CSBHWISR,116.300003,3.163,360,0.98
CSBHWISR,115.800003,3.124,360,0.997
CSBHWISR,116.300003,3.1,360,1
CSBHWISR,116.699997,3.073,360,1
CSBHWISR,116.900002,3.307,360,0.934
CSBHWISR,116.300003,3.248,360,0.955
CSBHWISR,116,3.138,360,0.991
CSBHWISR,115.699997,3.177,360,0.982
CSBHWISR,116,3.276,360,0.95
CSBHWISR,116.5,3.2,361,0.97
CSBHWISR,116.800003,3.316,361,0.935
CSBHWISR,115.099998,3.487,361,0.901
CSBHWISR,115.099998,3.443,361,0.912
CSBHWISR,116.099998,3.247,361,0.959
CSBHWISR,116.5,3.193,360,0.968
CSBHWISR,116.900002,3.181,359,0.967
CSBHWISR,117.300003,3.159,361,0.974
CSBHWISR,117.199997,3.253,360,0.946
CSBHWISR,117.599998,3.15,360,0.972
CSBHWISR,117.199997,3.181,360,0.966
CSBHWISR,116.800003,3.277,360,0.943
CSBHWISR,117.300003,3.232,361,0.955
CSBHWISR,117.599998,3.085,361,0.995
CSBHWISR,116.5,3.075,362,1
CSBHWISR,116.300003,3.071,361,1
CSBHWISR,116.400002,3.303,360,0.94
CSBHWISR,116.900002,3.155,360,0.978
CSBHWISR,116.699997,3.074,360,1
CSBHWISR,117.099998,3.134,361,0.984
CSBHWISR,116.699997,3.172,361,0.978
CSBHWISR,116.400002,3.167,361,0.981
CSBHWISR,115.400002,3.051,360,1
CSBHWISR,115.199997,3.203,361,0.982
CSBHWISR,115.400002,3.211,361,0.978
CSBHWISR,115.699997,3.073,361,1
CSBHWISR,115.800003,3.071,362,1
CSBHWISR,115.5,3.068,361,1
CSBHWISR,115.400002,3.17,361,0.99
CSBHWISR,115.699997,3.058,361,1
CSBHWISR,116.099998,3.063,361,1
CSBHWISR,117.099998,3.162,362,0.978
CSBHWISR,117.5,3.184,362,0.968
CSBHWISR,116.900002,3.278,362,0.946
CSBHWISR,117.099998,3.293,361,0.937
CSBHWISR,116.5,3.366,361,0.922
CSBHWISR,115.800003,3.351,362,0.936
CSBHWISR,117,3.343,362,0.928
CSBHWISR,117,3.289,362,0.941
CSBHWISR,116.099998,3.196,362,0.979
CSBHWISR,115.800003,3.1,362,1
CSBHWISR,116.400002,3.124,362,0.996
CSBHWISR,117.599998,3.16,362,0.976
CSBHWISR,118.300003,3.208,363,0.957
CSBHWISR,117.699997,3.288,363,0.938
CSBHWISR,116.800003,3.354,363,0.927
CSBHWISR,116.199997,3.445,363,0.906
CSBHWISR,116,3.229,363,0.973
CSBHWISR,116.400002,3.227,363,0.971
CSBHWISR,117.099998,3.462,364,0.897
CSBHWISR,117.5,3.424,363,0.903
CSBHWISR,116.900002,3.253,363,0.956
CSBHWISR,117.400002,3.287,363,0.94
CSBHWISR,117.699997,3.304,363,0.934
CSBHWISR,117.699997,3.246,363,0.952
CSBHWISR,116.800003,3.371,363,0.924
CSBHWISR,117,3.35,364,0.928
CSBHWISR,118.099998,3.213,364,0.96
CSBHWISR,118,3.27,364,0.943
CSBHWISR,118.099998,3.278,364,0.939
CSBHWISR,118.099998,3.299,363,0.932
CSBHWISR,118,3.307,364,0.934
CSBHWISR,118.300003,3.302,364,0.933
CSBHWISR,118,3.262,364,0.945
CSBHWISR,117.800003,3.233,364,0.955
CSBHWISR,116.300003,3.277,362,0.95
CSBHWISR,115.699997,3.21,362,0.977
CSBHWISR,116.099998,3.075,362,1
CSBHWISR,116.400002,3.117,362,0.998
CSBHWISR,116.800003,3.23,362,0.961
CSBHWISR,117.5,3.255,362,0.949
CSBHWISR,117.599998,3.25,363,0.953
CSBHWISR,117.800003,3.291,363,0.939
CSBHWISR,117.599998,3.29,364,0.94
CSBHWISR,116.800003,3.349,364,0.932
CSBHWISR,116.400002,3.412,364,0.918
CSBHWISR,117.199997,3.396,364,0.916
CSBHWISR,117.800003,3.335,364,0.928
CSBHWISR,117.099998,3.318,364,0.939
CSBHWISR,117.099998,3.214,364,0.968
CSBHWISR,116.5,3.172,363,0.985
CSBHWISR,116.300003,3.089,363,1
CSBHWISR,118.099998,3.163,363,0.973
CSBHWISR,118.400002,3.205,363,0.957
CSBHWISR,117.099998,3.203,363,0.97
CSBHWISR,116.400002,3.258,363,0.959
CSBHWISR,116.199997,3.429,363,0.91
CSBHWISR,115.599998,3.339,363,0.943
CSBHWISR,115.400002,3.361,362,0.937
CSBHWISR,116.300003,3.447,362,0.904
CSBHWISR,116.199997,3.505,363,0.892
CSBHWISR,116.599998,3.48,363,0.896
CSBHWISR,116.900002,3.438,362,0.902
CSBHWISR,116.900002,3.395,362,0.912
CSBHWISR,117.800003,3.307,362,0.929
CSBHWISR,117.900002,3.29,362,0.934
CSBHWISR,117.5,3.232,363,0.955
CSBHWISR,116.599998,3.345,362,0.93
CSBHWISR,116.5,3.336,362,0.933
CSBHWISR,116.900002,3.274,362,0.946
CSBHWISR,117.5,3.218,361,0.956
CSBHWISR,117.699997,3.24,362,0.95
CSBHWISR,117.5,3.296,362,0.936
CSBHWISR,117.099998,3.281,362,0.944
CSBHWISR,117,3.317,362,0.935
CSBHWISR,117.300003,3.345,363,0.926
CSBHWISR,117.300003,3.23,362,0.96
CSBHWISR,116.699997,3.318,363,0.939
CSBHWISR,115.900002,3.304,363,0.951
CSBHWISR,117.5,3.257,362,0.948
CSBHWISR,118,3.188,362,0.963
CSBHWISR,118,3.17,363,0.971
CSBHWISR,117.599998,3.256,363,0.949
CSBHWISR,117.099998,3.248,362,0.955
CSBHWISR,116.599998,3.202,363,0.973
CSBHWISR,117.300003,3.256,362,0.949
CSBHWISR,118,3.337,363,0.923
CSBHWISR,116.900002,3.479,364,0.894
CSBHWISR,116.099998,3.511,363,0.892
CSBHWISR,116.699997,3.356,363,0.929
CSBHWISR,117.400002,3.271,363,0.947
CSBHWISR,117.199997,3.144,363,0.986
CSBHWISR,117.699997,3.09,363,0.998
CSBHWISR,117.099998,3.07,363,1
CSBHWISR,116.599998,3.14,363,0.993
CSBHWISR,117,3.249,363,0.956
CSBHWISR,117.199997,3.229,363,0.962
CSBHWISR,117.800003,3.249,363,0.949
CSBHWISR,117.099998,3.3,363,0.942
CSBHWISR,116.599998,3.402,363,0.918
CSBHWISR,116.199997,3.344,364,0.94
CSBHWISR,116.599998,3.292,364,0.95
CSBHWISR,117.300003,3.274,363,0.948
CSBHWISR,116.900002,3.252,363,0.958
CSBHWISR,117.199997,3.259,363,0.953
CSBHWISR,117.5,3.163,363,0.977
CSBHWISR,117.5,3.146,362,0.981
CSBHWISR,117.199997,3.163,363,0.98
CSBHWISR,116.800003,3.159,362,0.984
CSBHWISR,116.400002,3.069,362,1
CSBHWISR,116.5,3.153,361,0.986
CSBHWISR,116.599998,3.155,362,0.985
CSBHWISR,116.300003,3.223,362,0.97
CSBHWISR,116.599998,3.31,362,0.94
CSBHWISR,117.300003,3.254,361,0.948
CSBHWISR,116.800003,3.176,362,0.978
CSBHWISR,116.699997,3.173,361,0.979
CSBHWISR,116.400002,3.185,362,0.979
CSBHWISR,116.199997,3.186,362,0.982
CSBHWISR,116.300003,3.176,362,0.983
CSBHWISR,116.199997,3.196,362,0.976
CSBHWISR,116.900002,3.182,361,0.974
CSBHWISR,116.699997,3.23,362,0.964
CSBHWISR,116.800003,3.239,362,0.96
CSBHWISR,117.199997,3.242,361,0.953
CSBHWISR,117.599998,3.257,362,0.947
CSBHWISR,117.900002,3.26,362,0.945
CSBHWISR,117.699997,3.28,363,0.941
CSBHWISR,117.900002,3.274,363,0.941
CSBHWISR,118,3.289,363,0.936
CSBHWISR,118.099998,3.287,362,0.934
CSBHWISR,117.699997,3.298,363,0.935
CSBHWISR,117,3.235,363,0.962
CSBHWISR,115.900002,3.165,363,0.992
CSBHWISR,117,3.359,363,0.923
CSBHWISR,116.699997,3.392,363,0.918
CSBHWISR,116.5,3.209,363,0.974
CSBHWISR,116.099998,3.22,363,0.976
CSBHWISR,116.599998,3.237,363,0.966
CSBHWISR,117.199997,3.109,362,0.995
CSBISR,117.199997,0.837,98,1
CSBISR,117.599998,0.84,98,0.999
CSBISR,118.5,0.838,98,0.99
CSBISR,118.599998,0.834,98,0.997
CSBISR,119.199997,0.829,98,0.996
CSBISR,118.699997,0.832,98,0.997
CSBISR,118.5,0.831,98,0.998
CSBISR,118.5,0.831,98,0.998
CSBISR,118.699997,0.826,98,1
CSBISR,118.599998,0.826,98,1
CSBISR,118.900002,0.825,98,1
CSBISR,118.099998,0.829,98,1
CSBISR,118.099998,0.83,98,1
CSBISR,118.900002,0.827,98,0.999
CSBISR,118.5,0.828,98,1
CSBISR,118.400002,0.827,98,1
CSBISR,119.300003,0.827,98,0.997
CSBISR,119.199997,0.827,98,1
CSBISR,118.800003,0.831,98,0.998
CSBISR,118.699997,0.831,98,0.997
CSBISR,118.699997,0.827,98,1
CSBISR,118.300003,0.832,98,1
CSBISR,117.800003,0.836,98,1
CSBISR,117.699997,0.837,98,0.998
CSBISR,118.400002,0.837,98,0.992
CSBISR,118.300003,0.837,98,0.993
CSBISR,117.800003,0.837,98,0.998
CSBISR,117.5,0.833,98,1
CSBISR,118.199997,0.826,98,1
CSBISR,117.599998,0.831,98,1
CSBISR,116.800003,0.84,98,1
CSBISR,116.800003,0.84,98,1
CSBISR,117.599998,0.839,98,0.997
CSBISR,117.699997,0.838,98,0.998
CSBISR,117.5,0.839,98,0.998
CSBISR,117.099998,0.84,98,1
CSBISR,117.699997,0.835,98,1
CSBISR,118.599998,0.829,98,1
CSBISR,118.900002,0.828,98,1
CSBISR,118.099998,0.834,98,0.999
CSBISR,117.400002,0.841,98,0.998
CSBISR,117.199997,0.84,98,0.999
CSBISR,117.800003,0.834,98,1
CSBISR,118.5,0.833,98,0.997
CSBISR,118.300003,0.835,98,0.996
CSBISR,117.300003,0.836,98,1
CSBISR,117.900002,0.829,98,1
CSBISR,118.5,0.834,98,0.994
CSBISR,117.599998,0.84,98,0.995
CSBISR,117.900002,0.835,98,0.999
CSBISR,119.199997,0.829,98,0.994
CSBISR,119,0.831,98,0.992
CSBISR,118.099998,0.833,98,0.998
CSBISR,118.199997,0.828,98,1
CSBISR,119,0.824,98,0.998
CSBISR,118.800003,0.831,98,0.994
CSBISR,118.099998,0.836,98,0.994
CSBISR,117.699997,0.839,98,0.994
CSBISR,117.699997,0.836,98,0.998
CSBISR,119,0.826,98,1
CSBISR,119.5,0.826,98,0.996
CSBISR,119.599998,0.826,98,0.993
CSBISR,119,0.826,98,0.998
CSBISR,119,0.827,98,0.996
CSBISR,118.400002,0.835,98,0.994
CSBISR,118.300003,0.837,98,0.993
CSBISR,119,0.83,98,0.997
CSBISR,119.199997,0.826,98,1
CSBISR,118.699997,0.83,98,0.999
CSBISR,118.300003,0.838,98,0.99
CSBISR,118.400002,0.837,98,0.991
CSBISR,117.900002,0.839,98,0.992
CSBISR,118.300003,0.836,98,0.989
CSBISR,118,0.836,97,0.99
CSBISR,118.199997,0.835,97,0.991
CSBISR,118.400002,0.836,98,0.99
CSBISR,118,0.84,97,0.987
CSBISR,118.5,0.835,98,0.99
CSBISR,118.599998,0.834,98,0.991
CSBISR,118.800003,0.831,98,0.994
CSBISR,119,0.828,98,0.996
CSBISR,118.900002,0.827,98,1
CSBISR,119,0.824,98,1
CSBISR,118.800003,0.829,98,0.997
CSBISR,118,0.831,98,1
CSBISR,117.800003,0.834,98,1
CSBISR,117.599998,0.833,98,1
CSBISR,117.199997,0.843,98,0.994
CSBISR,117.300003,0.843,98,0.991
CSBISR,118.300003,0.836,98,0.992
CSBISR,119,0.832,98,0.992
CSBISR,118.800003,0.827,98,1
CSBISR,118.099998,0.83,98,1
CSBISR,118.5,0.83,98,0.998
CSBISR,119,0.825,98,1
CSBISR,118.699997,0.825,98,1
CSBISR,118.800003,0.825,98,1
CSBISR,118.199997,0.829,98,1
CSBISR,118.199997,0.833,98,0.999
CSBISR,118.400002,0.831,98,1
CSBISR,117.900002,0.832,98,1
CSBISR,118.199997,0.83,98,1
CSBISR,118.699997,0.831,98,0.999
CSBISR,119.099998,0.835,98,0.988
CSBISR,118.800003,0.837,98,0.988
CSBISR,118.300003,0.839,98,0.99
CSBISR,117.900002,0.838,98,0.998
CSBISR,116.900002,0.844,98,0.998
CSBISR,117,0.842,98,0.998
CSBISR,118.199997,0.833,98,1
CSBISR,118.699997,0.829,98,1
CSBISR,118.5,0.827,98,1
CSBISR,118.5,0.83,98,1
CSBISR,118.400002,0.833,98,0.996
CSBISR,118.099998,0.838,98,0.992
CSBISR,117.400002,0.841,98,0.995
CSBISR,117.199997,0.842,98,0.995
CSBISR,117.300003,0.839,98,0.999
CSBISR,118,0.833,98,1
CSBISR,119.199997,0.827,98,0.997
CSBISR,119.199997,0.83,98,0.992
CSBISR,118.300003,0.836,98,0.993
CSBISR,117.699997,0.838,98,0.997
CSBISR,118.099998,0.832,98,0.999
CSBISR,118.300003,0.831,98,0.999
CSBISR,118.800003,0.829,98,0.998
CSBISR,118.5,0.829,98,0.999
CSBISR,117.300003,0.84,98,0.995
CSBISR,116.699997,0.839,98,1
CSBISR,118.099998,0.828,98,1
CSBISR,118.599998,0.828,98,0.997
CSBISR,118,0.835,98,0.995
CSBISR,117.199997,0.84,98,0.997
CSBISR,117.800003,0.834,98,1
CSBISR,118.800003,0.835,98,0.99
CSBISR,117.699997,0.837,98,0.997
CSBISR,117,0.837,98,1
CSBISR,117.400002,0.835,98,1
CSBISR,117.800003,0.837,98,0.999
CSBISR,117.699997,0.84,98,0.994
CSBISR,118.400002,0.833,98,0.995
CSBISR,119,0.829,98,0.993
CSBISR,118.300003,0.834,98,0.997
CSBISR,117.800003,0.84,98,0.996
CSBISR,117.599998,0.836,98,0.999
CSBISR,117.5,0.832,98,1
CSBISR,118.300003,0.834,98,1
CSBISR,119.199997,0.827,98,0.998
CSBISR,119,0.827,98,1
CSBISR,118.599998,0.827,98,1
CSBISR,117.5,0.837,98,0.998
CSBISR,117.199997,0.841,98,0.996
CSBISR,117.300003,0.841,98,0.997
CSBISR,117.5,0.84,98,0.996
CSBISR,118.199997,0.837,98,0.992
CSBISR,118.699997,0.831,98,0.996
CSBISR,118.199997,0.83,98,1
CSBISR,117.199997,0.835,98,1
CSBISR,116.599998,0.841,98,1
CSBISR,117.599998,0.837,98,0.996
CSBISR,118.300003,0.834,98,0.994
CSBISR,119.099998,0.83,98,0.992
CSBISR,118.800003,0.832,98,0.993
CSBISR,118.900002,0.827,98,0.998
CSBISR,119,0.827,98,1
CSBISR,118.5,0.83,98,1
CSBISR,118.599998,0.83,98,0.997
CSBISR,119,0.83,98,0.995
CSBISR,119.5,0.828,98,0.996
CSBISR,119.300003,0.829,98,0.996
CSBISR,118.400002,0.831,98,1
CSBISR,118.900002,0.825,98,1
CSBISR,119,0.823,98,1
CSBISR,118.5,0.829,98,1
CSBISR,118.300003,0.832,98,0.997
CSBISR,118,0.836,98,0.994
CSBISR,118.599998,0.833,98,0.993
CSBISR,118.300003,0.835,98,0.992
CSBISR,117.199997,0.843,98,0.991
CSBISR,117.300003,0.838,98,0.998
CSBISR,117.400002,0.834,98,1
CSBISR,117.900002,0.832,98,1
CSBISR,119.5,0.827,98,0.995
CSBISR,119.199997,0.83,98,0.993
CSBISR,118.400002,0.836,98,0.993
CSBISR,118.300003,0.838,98,0.992
CSBISR,118.099998,0.837,98,0.995
CSBISR,117.599998,0.837,98,0.998
CSBISR,117.800003,0.832,98,1
CSBISR,118,0.832,98,1
CSBISR,118,0.831,98,1
CSBISR,117.199997,0.837,98,1
CSBISR,118,0.833,98,1
CSBISR,118.099998,0.832,98,1
CSBISR,117.5,0.835,98,1
CSBISR,117,0.838,98,1
CSBISR,117,0.84,98,1
CSBISR,117.599998,0.843,98,0.992
CSBISR,118.900002,0.834,98,0.992
CSBISR,119.099998,0.831,98,0.995
CSBISR,119.199997,0.828,98,0.999
CSBISR,119.400002,0.826,98,0.998
CSBISR,118.699997,0.831,98,0.995
CSBISR,118.5,0.831,98,1
CSBISR,118.400002,0.831,98,1
CSBISR,119.199997,0.828,98,0.997
CSBISR,119.400002,0.829,98,0.995
CSBISR,119.099998,0.831,98,0.995
CSBISR,117.900002,0.837,98,0.994
CSBISR,117.300003,0.84,98,0.995
CSBISR,117.800003,0.833,98,1
CSBISR,118.300003,0.826,98,1
CSBISR,118.199997,0.832,98,0.998
CSBISR,117.400002,0.835,98,1
CSBISR,117,0.837,98,1
CSBISR,117.900002,0.833,98,1
CSBISR,117.800003,0.833,98,1
CSBISR,118,0.833,98,0.996
CSBISR,117.5,0.84,97,0.99
CSBISR,117.099998,0.839,98,0.996
CSBISR,117.800003,0.828,98,1
CSBISR,118.400002,0.824,98,1
CSBISR,118.800003,0.824,98,1
CSBISR,117.699997,0.832,98,1
CSBISR,117,0.837,98,1
CSBISR,116.5,0.839,98,1
CSBISR,117,0.837,98,1
CSBISR,118.300003,0.827,98,1
CSBISR,117.5,0.83,98,1
CSBISR,117.400002,0.83,98,1
CSBISR,117.5,0.83,98,1
CSBISR,117.900002,0.832,98,0.999
CSBISR,118.599998,0.832,98,0.995
CSBISR,118,0.839,98,0.991
CSBISR,117.599998,0.837,98,0.999
CSBISR,117.5,0.837,98,1
CSBISR,118.300003,0.831,98,1
CSBISR,118.599998,0.826,98,1
CSBISR,118.300003,0.833,98,0.994
CSBISR,117.699997,0.839,98,0.994
CSBISR,116.599998,0.843,98,0.997
CSBISR,117.400002,0.837,98,0.999
CSBISR,119,0.826,98,1
CSBISR,118.300003,0.832,98,0.999
CSBISR,118.5,0.834,98,0.994
CSBISR,118.099998,0.838,98,0.99
CSBISR,117.400002,0.842,98,0.991
CSBISR,117.099998,0.84,98,0.998
CSBISR,116.900002,0.839,98,1
CSBISR,117.199997,0.838,98,1
CSBISR,117.599998,0.834,98,1
CSBISR,118.400002,0.832,98,0.998
CSBISR,119.5,0.826,98,0.995
CSBISR,119.599998,0.829,98,0.991
CSBISR,118.199997,0.836,98,0.994
CSBISR,118.199997,0.836,98,0.992
CSBISR,117.800003,0.837,98,0.995
CSBISR,116.699997,0.842,98,1
CSBISR,116.800003,0.84,98,1
CSBISR,116.699997,0.839,98,1
CSBISR,117.099998,0.837,98,1
CSBISR,118.400002,0.831,98,1
CSBISR,118.199997,0.827,98,1
CSBISR,118.300003,0.827,98,1
CSBISR,118.699997,0.828,98,1
CSBISR,117.199997,0.838,98,1
CSBISR,116.699997,0.841,98,1
CSBISR,117.5,0.84,98,0.997
CSBISR,117.699997,0.841,98,0.993
CSBISR,118.300003,0.835,98,0.994
CSBISR,119.099998,0.832,98,0.992
CSBISR,119.300003,0.829,98,0.996
CSBISR,119.5,0.824,98,0.996
CSBISR,118.900002,0.832,98,0.993
CSBISR,118.800003,0.833,98,0.992
CSBISR,118.900002,0.83,98,0.996
CSBISR,118.800003,0.833,98,0.992
CSBISR,119.199997,0.829,98,0.994
CSBISR,119.199997,0.826,98,0.999
CSBISR,118.300003,0.834,98,0.993
CSBISR,118.400002,0.84,98,0.986
CSBISR,117.699997,0.843,98,0.989
CSBISR,116.699997,0.841,98,0.999
CSBISR,116.800003,0.837,98,1
CSBISR,117.900002,0.832,98,1
CSBISR,117.900002,0.834,98,0.998
CSBISR,116.900002,0.84,98,0.998
CSBISR,117.300003,0.832,98,1
CSBISR,118.5,0.827,98,0.999
CSBISR,118.5,0.832,98,0.993
CSBISR,116.900002,0.84,97,0.996
CSBISR,118.099998,0.835,98,0.993
CSBISR,118.699997,0.833,98,0.99
CSBISR,117.900002,0.837,98,0.992
CSBISR,117.400002,0.837,98,0.997
CSBISR,117.900002,0.827,98,1
CSBISR,118.300003,0.831,98,0.997
CSBISR,118,0.837,98,0.992
CSBISR,116.800003,0.841,98,0.998
CSBISR,117.099998,0.837,98,0.999
CSBISR,118.199997,0.831,97,0.995
CSBISR,119.099998,0.825,97,0.996
CSBISR,118.800003,0.827,97,0.995
CSBISR,117.5,0.837,97,0.994
CSBISR,117.699997,0.838,97,0.992
CSBISR,117.300003,0.838,98,0.996
CSBISR,117.699997,0.833,97,0.998
CSBISR,118.5,0.828,97,0.997
CSBISR,118.599998,0.826,97,0.998
CSBISR,118.400002,0.831,98,0.995
CSBISR,117.699997,0.837,97,0.994
CSBISR,117,0.838,97,0.998
CSBISR,116.699997,0.833,97,1
CSBISR,117.800003,0.829,97,1
CSBISR,118.800003,0.829,98,0.994
CSBISR,118.699997,0.833,98,0.991
CSBISR,118.800003,0.83,98,0.996
CSBISR,117.5,0.838,98,0.995
CSBISR,117.099998,0.842,98,0.994
CSBISR,117,0.841,98,0.996
CSBISR,116.900002,0.841,97,0.995
CSBISR,116.900002,0.841,98,0.996
CSBISR,116.900002,0.842,98,0.995
CSBISR,117.300003,0.838,98,0.998
CSBISR,117.199997,0.838,98,1
CSBISR,117,0.835,98,1
CSBISR,117.099998,0.84,98,0.996
CSBISR,116.900002,0.838,98,1
CSBISR,116.800003,0.832,98,1
CSBISR,117.5,0.828,98,1
CSBISR,117.900002,0.827,98,1
CSBISR,118.099998,0.831,98,1
CSBISR,119.199997,0.825,98,0.996
CSBISR,119.300003,0.825,98,0.996
CSBISR,118.599998,0.829,98,0.997
CSBISR,118.5,0.829,98,0.997
CSBISR,118.400002,0.831,98,0.996
CSBISR,118.300003,0.831,98,0.997
CSBISR,118.5,0.831,98,0.995
CSBISR,118.5,0.832,98,0.993
CSBISR,118.599998,0.832,98,0.995
CSBISR,118.300003,0.83,98,1
CSBISR,118,0.831,98,1
CSBISR,117.599998,0.832,98,1
CSBISR,117.599998,0.833,98,1
CSBISR,117.599998,0.834,98,1
CSBISR,117,0.839,98,1
CSBISR,117.199997,0.836,98,1
CSBISR,117.199997,0.838,98,1
CSBISR,117.800003,0.84,98,0.991
CSBISR,118.199997,0.839,98,0.989
CSBISR,118,0.837,98,0.993
CSBISR,118.400002,0.833,98,0.997
CSBISR,118.400002,0.831,98,0.998
CSBISR,118.099998,0.829,98,1
CSBISR,117.699997,0.831,98,1
CSBISR,116.900002,0.835,98,1
CSBISR,117.199997,0.835,97,1
CSBISR,117.199997,0.835,98,1
CSBISR,116.400002,0.841,98,1
CSBISR,116.400002,0.841,98,1
CSBISR,116.900002,0.841,98,0.996
CSBISR,116.800003,0.842,97,0.994
CSBISR,117,0.842,98,0.995
CSBISR,117.800003,0.837,98,0.996
CSBISR,116.5,0.841,98,1
CSBISR,116.5,0.838,97,1
CSBISR,117.5,0.831,98,1
CSBISR,118.300003,0.829,98,1
CSBISR,119.199997,0.828,98,0.994
CSBISR,117.800003,0.839,98,0.993
CSBISR,117.300003,0.843,98,0.992
CSBISR,117.099998,0.842,98,0.995
CSBISR,117.099998,0.838,98,0.999
CSBISR,118.400002,0.828,98,1
CSBISR,119.099998,0.825,98,0.998
CSBISR,119.5,0.827,98,0.992
CSBISR,119,0.832,98,0.99
CSBISR,117.800003,0.837,98,0.995
CSBISR,117.599998,0.839,98,0.994
CSBISR,117.800003,0.843,98,0.991
CSBISR,117.5,0.837,98,1
CSBISR,117.5,0.836,98,1
CSBISR,117.900002,0.836,98,0.999
CSBISR,117.800003,0.836,98,1
CSBISR,117.599998,0.835,98,1
CSBISR,117.5,0.838,98,0.998
CSBISR,117.5,0.841,98,0.996
CSBISR,117.300003,0.841,98,1
CSBISR,117.699997,0.84,98,0.998
CSBISR,117.699997,0.84,98,0.997
CSBISR,117.800003,0.838,98,0.996
CSBISR,117.699997,0.839,98,0.995
CSBISR,117.699997,0.841,98,0.993
CSBISR,118.599998,0.839,98,0.989
CSBISR,119,0.835,98,0.99
CSBISR,118.800003,0.833,98,0.994
CSBISR,118.300003,0.83,98,1
CSBISR,117.699997,0.835,98,1
CSBISR,118,0.84,98,0.995
CSBISR,118.5,0.835,98,0.995
CSBISR,118.5,0.836,98,0.994
CSBISR,118.099998,0.843,98,0.991
CSBISR,118.099998,0.838,98,0.997
CSBISR,118.099998,0.837,98,0.997
CSBISR,118.900002,0.836,98,0.993
CSBISR,119.099998,0.831,98,0.997
CSBISR,118.199997,0.838,98,0.996
CSBISR,117.5,0.841,99,1
CSBISR,117.300003,0.838,98,1
CSBISR,118.400002,0.833,98,1
CSBISR,119,0.829,98,1
CSBISR,118.800003,0.831,98,0.998
CSBISR,117.800003,0.842,98,0.993
CSBISR,117.5,0.841,98,0.998
CSBISR,119.099998,0.832,98,0.996
CSBISR,119.400002,0.83,98,0.995
CSBISR,118.199997,0.833,98,1
CSBISR,118.099998,0.837,98,1
CSBISR,119.599998,0.829,98,0.997
CSBISR,119.099998,0.834,99,0.995
CSBISR,118.5,0.837,98,0.996
CSBISR,118.300003,0.835,98,0.999
CSBISR,119.099998,0.829,98,0.998
CSBISR,119.800003,0.83,98,0.99
CSBISR,119.300003,0.835,98,0.99
CSBISR,117.599998,0.843,98,0.997
CSBISR,117.800003,0.839,98,0.998
CSBISR,117.599998,0.837,98,1
CSBISR,117.5,0.839,98,1
CSBISR,117.900002,0.838,98,0.999
CSBISR,117.199997,0.839,98,1
CSBISR,117.699997,0.834,98,1
CSBISR,118.699997,0.829,98,1
CSBISR,118.699997,0.831,98,0.999
CSBISR,118.400002,0.831,98,1
CSBISR,118.199997,0.833,98,1
CSBISR,117.699997,0.839,98,1
CSBISR,117.900002,0.835,98,1
CSBISR,117.099998,0.839,98,1
CSBISR,116.900002,0.84,98,1
CSBISR,118.199997,0.834,98,1
CSBISR,118.699997,0.832,98,1
CSBISR,117.699997,0.838,98,1
CSBISR,117.400002,0.842,98,0.998
CSBISR,118.199997,0.838,98,0.996
CSBISR,118.099998,0.837,98,0.998
CSBISR,118,0.838,98,1
CSBISR,118.300003,0.833,98,1
CSBISR,119.099998,0.829,98,0.997
CSBISR,118.099998,0.834,98,1
CSBISR,118.300003,0.838,98,0.994
CSBISR,118.300003,0.841,98,0.989
CSBISR,118.900002,0.832,98,0.995
CSBISR,118.699997,0.832,98,0.995
CSBISR,118.199997,0.833,98,1
CSBISR,117.900002,0.831,98,1
CSBISR,117.5,0.838,98,1
CSBISR,117.199997,0.838,98,1
CSBISR,117.099998,0.839,98,1
CSBISR,119,0.829,98,1
CSBISR,119,0.826,98,1
CSBISR,117.800003,0.837,98,1
CSBISR,117.599998,0.842,98,0.994
CSBISR,118.199997,0.834,98,0.997
CSBISR,118,0.837,98,0.996
CSBISR,118,0.841,98,0.991
CSBISR,117.400002,0.838,98,1
CSBISR,119,0.83,98,0.997
CSBISR,119.300003,0.831,98,0.994
CSBISR,118.400002,0.835,98,0.997
CSBISR,118.099998,0.834,98,1
CSBISR,118.300003,0.835,98,0.996
CSBISR,118.599998,0.833,98,0.996
CSBISR,118.199997,0.835,98,0.996
CSBISR,118,0.837,98,0.995
CSBISR,117.300003,0.841,98,0.998
CSBISR,117.5,0.838,98,1
CSBISR,117.900002,0.832,98,1
CSBISR,118.800003,0.826,98,1
CSBISR,118.800003,0.827,98,1
CSBISR,119.099998,0.831,98,0.998
CSBISR,119,0.83,98,0.997
CSBISR,119.599998,0.826,98,0.995
CSBISR,119.400002,0.827,98,0.996
CSBISR,118.599998,0.83,98,1
CSBISR,118.800003,0.827,98,1
CSBISR,119,0.826,98,0.999
CSBISR,119.099998,0.829,98,0.996
CSBISR,118.900002,0.837,98,0.988
CSBISR,119,0.836,98,0.988
CSBISR,119.400002,0.829,98,0.994
CSBISR,119.5,0.827,98,0.998
CSBISR,119.400002,0.825,98,1
CSBISR,118.199997,0.829,98,1
CSBISR,118,0.83,98,1
CSBISR,118.300003,0.831,98,1
CSBISR,117.800003,0.834,98,1
CSBISR,117.900002,0.829,98,1
CSBISR,117.599998,0.835,98,0.999
CSBISR,118.5,0.835,98,0.991
CSBISR,118.699997,0.833,98,0.991
CSBISR,117.900002,0.837,98,0.995
CSBISR,117.300003,0.838,98,0.997
CSBISR,117,0.84,98,0.998
CSBISR,117.400002,0.837,98,0.998
CSBISR,117.300003,0.833,98,1
CSBISR,117.699997,0.833,98,1
CSBISR,118.599998,0.831,98,0.997
CSBISR,119.199997,0.829,98,0.993
CSBISR,117.800003,0.835,98,0.998
CSBISR,117.599998,0.834,98,1
CSBISR,118.5,0.829,98,1
